lot_id,entry_id,split_lot,country,year,program,process_group,rank,entry_rank,score,farm,producer,process,variety,region,weight_lb,final_bid_usd_lb,total_value_usd,buyer,auction_result_status,observed_competition,observed_auction,source_url
70aefa9bc60f9345,b4130dd525448a38,TRUE,Brazil,2024,COE,Washed + Honey,1A,1,91.93,Fazenda Sobro E Bonito De Cima – Dbarbosa Coffee,Vitor Marcelo Queiroz Barbosa,Honey,Topázio Amarelo,Cerrado Mineiro,264.6,60.1,15902.46,Orange Brown Import and Export Ltd.,reported,TRUE,TRUE,https://allianceforcoffeeexcellence.org/brazil-2024/
4236994153bdae55,b4130dd525448a38,TRUE,Brazil,2024,COE,Washed + Honey,1B,1,91.93,Fazenda Sobro E Bonito De Cima – Dbarbosa Coffee,Vitor Marcelo Queiroz Barbosa,Honey,Topázio Amarelo,Cerrado Mineiro,264.6,58.1,15373.26,Orange Brown Import and Export Ltd.,reported,TRUE,TRUE,https://allianceforcoffeeexcellence.org/brazil-2024/
e6043877978a50f9,3a6fc4d5d8378732,FALSE,Brazil,2024,COE,Washed + Honey,2☘️,2,90.89,Fazenda Olhos D’Agua,Flávio Marcio Ferreira Da Silva,Demucilaged,Arara,Cerrado Mineiro,396.8,16.9,6705.92,Brulerie du Quai,reported,TRUE,TRUE,https://allianceforcoffeeexcellence.org/brazil-2024/
b3fcec32cad85b34,11fe4d15fd119bce,FALSE,Brazil,2024,COE,Washed + Honey,3,3,90.21,Sitio Pedro Varinha,Ercilei José De Oliveira,Pulped,Arara,Matas de Minas,396.8,27.1,10753.28,terarosa,reported,TRUE,TRUE,https://allianceforcoffeeexcellence.org/brazil-2024/
75ba7b002cc17c3d,71f5886e93d65181,FALSE,Brazil,2024,COE,Washed + Honey,4,4,89.93,Vista Brigadeiro,Waldemar Ferreira De Paula Neto,Pulped,Yellow Catuai,Matas de Minas,396.8,15.25,6051.2,NOZY COFFEE,reported,TRUE,TRUE,https://allianceforcoffeeexcellence.org/brazil-2024/
46e78c2021d6dca3,eb3454849b8cae4f,FALSE,Brazil,2024,COE,Washed + Honey,5,5,89.75,Sítio Denizar,Estevão Denizar Douro,Demucilaged,Catucaí Amarelo,Montanhas do Espírito Santo,463,15.5,7176.5,Mercanta The Coffee Hunters,reported,TRUE,TRUE,https://allianceforcoffeeexcellence.org/brazil-2024/
e915c33d8d909c8b,45ca97304ecbcddd,FALSE,Brazil,2024,COE,Washed + Honey,6☘️,6,89.14,Fazenda Paredão,Marcelo Assis Nogueira,Honey,Arara,Cerrado Mineiro,396.8,27.1,10753.28,ROOTS BY EARTH,reported,TRUE,TRUE,https://allianceforcoffeeexcellence.org/brazil-2024/
bcea2f86ba96441a,82b0224f0b7a3cb6,FALSE,Brazil,2024,COE,Washed + Honey,7☘️,7,88.43,Sítio Boa Vista,Osvaldina Alves Dutra,Depulped,Geisha,Matas de Minas,396.8,15.4,6110.72,"Joud Coffee Roaster, Kenny Hills Coffee Roasters, Discover Coffee Roasting Co.",reported,TRUE,TRUE,https://allianceforcoffeeexcellence.org/brazil-2024/
c803096dfa10b04d,43476aa9999cc5cf,FALSE,Brazil,2024,COE,Washed + Honey,8,8,88.36,Fazenda Campo Alegre,Jair Brás Da Silva Junior,Honey,Paraiso 2,Café da Canastra,396.8,15,5952,Brew92,reported,TRUE,TRUE,https://allianceforcoffeeexcellence.org/brazil-2024/
d69828e986525eb9,607754607cf3245d,FALSE,Brazil,2024,COE,Washed + Honey,9,9,88.29,Fazenda Primavera Matriz,Ronaldo Morais Pena Filho,Honey,Geisha,Chapada de Minas,760.6,15.2,11561.12,Ryans Coffee Roasters,reported,TRUE,TRUE,https://allianceforcoffeeexcellence.org/brazil-2024/
1c401d4e7f3bab08,2aa561d7affba23a,FALSE,Brazil,2024,COE,Washed + Honey,10,10,88.21,Fazenda Moete,Paulo Lemos Menezes,Pulped,Catuaí Vermelho,Chapada Diamantina,793.7,15,11905.5,"Wataru & Co., Ltd. / Taste Trigger Limited",reported,TRUE,TRUE,https://allianceforcoffeeexcellence.org/brazil-2024/
f5b936dbebc82b39,bc5f396fcf7aa0aa,TRUE,Brazil,2024,COE,Natural,1A,1,92.32,Sítio Santa Luzia,Ronaldo Da Silva,Natural,Catucaí Amarelo,Mantiqueira de Minas,198.4,55.2,10951.68,Proud Mary and SUPREMO COFFEE – Germany,reported,TRUE,TRUE,https://allianceforcoffeeexcellence.org/brazil-2024/
2bdf92938e561e48,bc5f396fcf7aa0aa,TRUE,Brazil,2024,COE,Natural,1B,1,92.32,Sítio Santa Luzia,Ronaldo Da Silva,Natural,Catucaí Amarelo,Mantiqueira de Minas,198.4,55.5,11011.2,Coffee Bros.,reported,TRUE,TRUE,https://allianceforcoffeeexcellence.org/brazil-2024/
6c55dd61c4debb03,5b5fe80c1e1eeec5,FALSE,Brazil,2024,COE,Natural,2,2,91.89,Fazenda Rainha,Fazenda Sertãozinho Ltda,Natural,Geisha,Região Vulcânica,529.1,18.9,9999.99,SAVAYA COFFEE LLC,reported,TRUE,TRUE,https://allianceforcoffeeexcellence.org/brazil-2024/
2855f04ab0b2a5fb,9f2042c8ae147894,FALSE,Brazil,2024,COE,Natural,3,3,91.57,Fazenda Rio Verde,Ipanema Agrícola S/A,Natural,Geisha,Mantiqueira de Minas,661.4,18.2,12037.48,SAVAYA COFFEE LLC,reported,TRUE,TRUE,https://allianceforcoffeeexcellence.org/brazil-2024/
e787cae165f56327,fef63e24019f41cd,FALSE,Brazil,2024,COE,Natural,4,4,90.89,Fazenda Boa Vista,Rafael Naves De Figueiredo,Natural,Catucaí,Sul de Minas,793.7,25.1,19921.87,SUPREMO COFFEE – Germany,reported,TRUE,TRUE,https://allianceforcoffeeexcellence.org/brazil-2024/
df856d44960656c8,e81e6e3e3fc20029,FALSE,Brazil,2024,COE,Natural,5,5,90.57,Fazenda Cotrim E D’Alessandro,Sergio Cotrim D’Alessandro,Natural,Geisha,Matas de Minas,NA,NA,NA,,not_reported,TRUE,TRUE,https://allianceforcoffeeexcellence.org/brazil-2024/
f4747b9cab3a5cdb,9740d47d775e3f45,FALSE,Brazil,2024,COE,Natural,6,6,88.79,Serra Das Tres Barras,Jose Wagner Ribeiro Junqueira,Natural,Catucaí,Mantiqueira de Minas,661.4,19,12566.6,Proud Mary,reported,TRUE,TRUE,https://allianceforcoffeeexcellence.org/brazil-2024/
090a89fd83e2a7e5,978b07e124a04c2f,FALSE,Brazil,2024,COE,Natural,7,7,88.61,Casa Brás,Pedro Brás,Natural,Geisha,Café da Canastra,396.8,15.1,5991.68,"Wataru & Co., Ltd.",reported,TRUE,TRUE,https://allianceforcoffeeexcellence.org/brazil-2024/
44d6c185b7fb2117,d789b9dabb7e887c,FALSE,Brazil,2024,COE,Natural,8☘️,8,88.61,Fazenda M&F Coffee,Bioma Café,Natural,Arara,Cerrado Mineiro,396.8,15.1,5991.68,"Wataru & Co., Ltd.",reported,TRUE,TRUE,https://allianceforcoffeeexcellence.org/brazil-2024/
3867bcf0c39acc81,aad5c88b40e0fdbc,FALSE,Brazil,2024,COE,Natural,9,9,88.39,Fazenda Recreio,Homero Teixeira De Macedo Junior,Natural,"Geisha, SL34",Região Vulcânica,396.8,15,5952,Grupo CAFEZA,reported,TRUE,TRUE,https://allianceforcoffeeexcellence.org/brazil-2024/
a6ad8ce01d819367,a65c427856d62990,FALSE,Brazil,2024,COE,Natural,10,10,88.21,Sitio Vargem Alegre,Cleverson Daniel,Natural,Yellow Catuai,Mantiqueira de Minas,529.1,15.1,7989.41,"KALDI COFFEE FARM (CAMEL COFFEE CO.,LTD.)",reported,TRUE,TRUE,https://allianceforcoffeeexcellence.org/brazil-2024/
8efd7ba03fd3e57d,ae00928912234056,TRUE,Brazil,2024,COE,Experimental,1A☘️,1,93.14,M&F Coffee,Bioma Cafe,Anaerobic fermentation,Arara,Cerrado Mineiro,198.4,105.1,20851.84,"Wataru & Co., Ltd. for WOODBERRY COFFEE",reported,TRUE,TRUE,https://allianceforcoffeeexcellence.org/brazil-2024/
ba12544d301e7c8d,ae00928912234056,TRUE,Brazil,2024,COE,Experimental,1B☘️,1,93.14,M&F Coffee,Bioma Cafe,Anaerobic fermentation,Arara,Cerrado Mineiro,198.4,104.1,20653.44,GLITCH COFFEE& ROASTER by Marukai,reported,TRUE,TRUE,https://allianceforcoffeeexcellence.org/brazil-2024/
21d3504e4da5f8cf,63bb4c167547b9ac,FALSE,Brazil,2024,COE,Experimental,2,2,91,Fazenda Santa Rita Do Xicao,Carmen Lydia Junqueira Puliti Meirelles,Anaerobic fermentation,Geisha,Mantiqueira de Minas,396.8,40.1,15911.68,Truth coffee roastery,reported,TRUE,TRUE,https://allianceforcoffeeexcellence.org/brazil-2024/
913f0b3954df8fee,ae11f657bf482290,FALSE,Brazil,2024,COE,Experimental,3,3,90.5,Fazenda Queixadas/ Cacheira E Palmital,Fabiano Ferreira Da Silva,Macro-aerobic fermentation,Arara,Cerrado Mineiro,396.8,24,9523.2,Snow Beans Coffee,reported,TRUE,TRUE,https://allianceforcoffeeexcellence.org/brazil-2024/
35f22472cfffeaac,f7314a5f35674459,FALSE,Brazil,2024,COE,Experimental,4,4,90.36,Fazenda Lagoa Seca,Abex Exportação E Comércio De Café Ltda,Anaerobic fermentation,Yellow Catuai,Cerrado Mineiro,396.8,27.05,10733.44,Truth coffee roastery,reported,TRUE,TRUE,https://allianceforcoffeeexcellence.org/brazil-2024/
fc9b15eb84256952,a69810476cbef7da,FALSE,Brazil,2024,COE,Experimental,5,5,90.14,Fazenda Rio Verde,Ipanema Agrícola S/A,Anaerobic fermentation,Geisha,Mantiqueira de Minas,396.8,15.4,6110.72,M.I.Coffee Corporation,reported,TRUE,TRUE,https://allianceforcoffeeexcellence.org/brazil-2024/
a51b3acbdda70ce5,ad409d09978b85b5,FALSE,Brazil,2024,COE,Experimental,6,6,89.96,Sitio Tres Barras,Manasses Sampaio Dias,Macro-aerobic fermentation,Catucaí Amarelo,Região Vulcânica,396.8,27,10713.6,Sulalat Coffee Trading,reported,TRUE,TRUE,https://allianceforcoffeeexcellence.org/brazil-2024/
faa2d1e55cb59d99,96fb8d74f5dad821,FALSE,Brazil,2024,COE,Experimental,7,7,88.11,Sítio Da Pedra,Luciano José Braga,Anaerobic fermentation,Arara,Mantiqueira de Minas,463,15,6945,"Wataru & Co., Ltd.",reported,TRUE,TRUE,https://allianceforcoffeeexcellence.org/brazil-2024/
fcec2fef7822a9df,ed7e93e827502cd2,FALSE,Brazil,2024,NW,Washed + Honey,NW,NW,86.96,Fazenda Cachoeira,Danilo Barbosa,Pulped,Yellow Catuai,Cerrado Mineiro,529.1,6.6,3492.06,"Wataru & Co., Ltd.",reported,TRUE,TRUE,https://allianceforcoffeeexcellence.org/brazil-2024/
b3fb42dd7fbaa384,b3f4c27e7fdcdad0,FALSE,Brazil,2024,NW,Washed + Honey,NW,NW,86.82,Sítio Bela Vista Cafés,Alexandre De Andrade Emerich,Pulped,Catucaí,Matas de Minas,396.8,5.6,2222.08,Grupo CAFEZA,reported,TRUE,TRUE,https://allianceforcoffeeexcellence.org/brazil-2024/
77ba7091f1a9b662,54e4a22a695fecc2,FALSE,Brazil,2024,NW,Washed + Honey,NW,NW,86.07,Sítio São Pedro,Leticia Brás,Pulped,SL28 & Geisha,Café da Canastra,396.8,5.4,2142.72,SAVAYA COFFEE LLC,reported,TRUE,TRUE,https://allianceforcoffeeexcellence.org/brazil-2024/
71ae4fa92cc02e51,a06d4270d58c3d00,FALSE,Brazil,2024,NW,Natural,NW,NW,88.14,Sitio Vale Do Amanhecer,Alcides De Oliveira Neto,Natural,Arara,Mantiqueira de Minas,793.7,5.5,4365.35,"Wataru & Co., Ltd.",reported,TRUE,TRUE,https://allianceforcoffeeexcellence.org/brazil-2024/
9116675936c408a5,9881d0181665df6a,FALSE,Brazil,2024,NW,Natural,NW☘️,NW,88.07,Fazenda  Pa Santa Cecilia,Agropecuaria Padap,Natural,Arara,Cerrado Mineiro,396.8,8,3174.4,"Wataru & Co., Ltd.",reported,TRUE,TRUE,https://allianceforcoffeeexcellence.org/brazil-2024/
103e241e22915ea4,eafc415d1a160669,FALSE,Brazil,2024,NW,Natural,NW,NW,87.89,Sítio São Pedro,Leticia Brás,Natural,SL28 & Geisha,Café da Canastra,396.8,8,3174.4,"Wataru & Co., Ltd.",reported,TRUE,TRUE,https://allianceforcoffeeexcellence.org/brazil-2024/
3942b7205588b2e9,b8c8359b386e9aa4,FALSE,Brazil,2024,NW,Natural,NW,NW,86.75,Fazenda Chapadão – Dbarbosa Coffee,Poliana Mara De Oliveira Pereira,Natural,Catucaí Amarelo,Cerrado Mineiro,529.1,5.3,2804.23,Grupo CAFEZA,reported,TRUE,TRUE,https://allianceforcoffeeexcellence.org/brazil-2024/
ba6a38ae5a2006b6,9c0ead7f0e728b77,FALSE,Brazil,2024,NW,Experimental,NW,NW,86.75,Sitio Coffe Mel,Jucimeire Azevedo Nunes Santana,Anaerobic fermentation,Catuaí,Chapada Diamantina,396.8,5.1,2023.68,SAVAYA COFFEE LLC,reported,TRUE,TRUE,https://allianceforcoffeeexcellence.org/brazil-2024/
35d265abe2486821,b22744d3ed09eba4,FALSE,Brazil,2023,COE,Experimental,1,1,91.32,Fazenda Rio Verde,Ipanema Agrícola S/A,Anaerobic Fermentation,Geisha,Mantiqueira de Minas,330.69,50.5,16699.85,DECAMERON COFFEE,reported,TRUE,TRUE,https://allianceforcoffeeexcellence.org/brazil-2023/
478e3332a2a31d74,793c4cfbc7da0d19,FALSE,Brazil,2023,COE,Experimental,2,2,89.88,Ecoagricola Cafe,Ecoagricola Cafe,Anaerobic Fermentation,Catucai 2sl,Chapada de Minas,793.66,11.7,9285.82,"Dabov Specialty Coffee. Coffee Me Up (Korea), Coffee Therapy (Thailand)",reported,TRUE,TRUE,https://allianceforcoffeeexcellence.org/brazil-2023/
bdedc30d80ba822a,bbb8317c32167cad,FALSE,Brazil,2023,COE,Experimental,3,3,89.85,Fazenda Campo ALegre,Jair Brás,Pedro Bras Top,Paraiso 2,Café da Canastra,330.69,16.05,5307.57,Campos Coffee,reported,TRUE,TRUE,https://allianceforcoffeeexcellence.org/brazil-2023/
48c258dce2918ebb,2121dda46cfd2576,FALSE,Brazil,2023,COE,Experimental,4,4,88.79,Fazenda Santo Antonio,Luiaz Dias Pereira Lobo,Fermented,SL28,Mantiqueira de Minas,396.83,12.45,4940.53,"Idle Hands Roasting Co., Casa Brasil, Lucca Cafés Especiais, One to Two Coffee",reported,TRUE,TRUE,https://allianceforcoffeeexcellence.org/brazil-2023/
58f736e42cc04b61,6a71abafb353228b,FALSE,Brazil,2023,COE,Experimental,5,5,88.76,Fazenda Irmãs Pereira II,Maria Valeria Costa Pereira E Outros,Fermented,Starmaya,Mantiqueira de Minas,363.76,12.1,4401.5,REHM SPECIALTY COFFEE IMPORTERS,reported,TRUE,TRUE,https://allianceforcoffeeexcellence.org/brazil-2023/
0ed032b55edee745,cde8417b87e8a822,FALSE,Brazil,2023,COE,Experimental,6,6,87.62,Paiolinho,Abex Exportação e Comércio de Café LTDA,Anaerobic,Yellow Catuai,Cerrado Mineiro,396.83,18.1,7182.62,Kyokuto Fadie Corporation,reported,TRUE,TRUE,https://allianceforcoffeeexcellence.org/brazil-2023/
ebb2f3dff2542fa9,b82a93310f45bd34,FALSE,Brazil,2023,COE,Experimental,7,7,87.41,Sitio Aguas Claras,Getulio Vilela Martins,Fermented Honey,Yellow Bourbon,Mantiqueira de Minas,793.66,11.6,9206.46,"KALDI COFFEE FARM (CAMEL COFFEE CO.,LTD.)",reported,TRUE,TRUE,https://allianceforcoffeeexcellence.org/brazil-2023/
30b500ca03dd5a88,9a9ab66ae29eca07,FALSE,Brazil,2023,COE,Experimental,8,8,87.38,Fazenda Bela Vista,Sebastiana Vicentina De Oliveira Sandi,Fermented Natural,Yellow Catuai,Mantiqueira de Minas,793.66,11.45,9087.41,"Wataru & Co., Ltd.",reported,TRUE,TRUE,https://allianceforcoffeeexcellence.org/brazil-2023/
cbce647ce3917626,d99a2aa0093f72d9,FALSE,Brazil,2023,COE,Experimental,9,9,87.38,Fazenda Lagoa Dos Estulanos,Vitor Marcelo Queiroz Barbosa,Experimental,Catuai 99,Cerrado Mineiro,396.83,11.7,4642.91,Brew92,reported,TRUE,TRUE,https://allianceforcoffeeexcellence.org/brazil-2023/
75e6fa36183e38e6,ee330b2c203ec346,FALSE,Brazil,2023,COE,Experimental,10,10,87.24,Fazenda Agua Limpa,Flávio Márcio Ferreira da Silva,Aerobic Fermentation,MGS Paraíso 2,Cerrado Mineiro,396.83,11.65,4623.07,"Wataru & Co., Ltd.",reported,TRUE,TRUE,https://allianceforcoffeeexcellence.org/brazil-2023/
62638b54e5a8e49c,78922a425d9ea3b2,FALSE,Brazil,2023,COE,Dry,1,1,91.38,Fazenda Rainha,Fazenda Sertãozinho Ltda,Natural,Geisha,Região Vulcânica,396.83,130.3,51706.95,SARUTAHIKO COFFEE,reported,TRUE,TRUE,https://allianceforcoffeeexcellence.org/brazil-2023/
155559aa2f1912ad,f5d9a573d3aaeaef,FALSE,Brazil,2023,COE,Dry,2,2,90.12,São Geraldo,Geraldo Alves de Souza,Natural,Red Catuai,Sul de Minas,529.11,19,10053.09,REHM SPECIALTY COFFEE IMPORTERS,reported,TRUE,TRUE,https://allianceforcoffeeexcellence.org/brazil-2023/
50170318814244f7,6a57e146d9920fdd,FALSE,Brazil,2023,COE,Dry,3,3,90.06,Sitio Santa luzia,Ronaldo da silva,Natural,Cutucaí 2sl,Mantiqueira de Minas,396.83,33.3,13214.44,Proud Mary and Bean & Bean Coffee (NYC),reported,TRUE,TRUE,https://allianceforcoffeeexcellence.org/brazil-2023/
b9d0b2ffb5095109,72d9cf585bd0fd9b,FALSE,Brazil,2023,COE,Dry,4,4,89.38,Fazenda Recreio,Homero Teixeira De Macedo Junior,Natural,Geisha,Região Vulcânica,330.69,24.3,8035.77,"KALDI COFFEE FARM (CAMEL COFFEE CO.,LTD.)",reported,TRUE,TRUE,https://allianceforcoffeeexcellence.org/brazil-2023/
68b7eb3fa7181f88,865dd329d6ff26fb,FALSE,Brazil,2023,COE,Dry,5,5,88.94,Casa Bras,Pedro Brás,Natural,Geisha,Café da Canastra,396.83,20.1,7976.28,"Xiamen Doowell Ocean Biotechnology Co., Ltd.",reported,TRUE,TRUE,https://allianceforcoffeeexcellence.org/brazil-2023/
1c607d48c387d22e,bab3bb6977d5ea7b,FALSE,Brazil,2023,COE,Dry,6,6,88.21,Santuário Sul,Santuario Sul Participacoes LTDA,Natural,Geisha,Mantiqueira de Minas,396.83,28.4,11269.97,"Proud Mary, Supremo Coffee",reported,TRUE,TRUE,https://allianceforcoffeeexcellence.org/brazil-2023/
41442b8a4eb14945,e14c4df618861a61,FALSE,Brazil,2023,COE,Dry,7,7,88.15,Ecoagricola Cafe,Ecoagricola Cafe,Natural,Catucaí 2sl,Chapada de Minas,793.66,13.25,10516,"Kyokuto Fadie Corporation, Coffee Libre, Time’s Club",reported,TRUE,TRUE,https://allianceforcoffeeexcellence.org/brazil-2023/
cd55d588dc8fcbec,1fb64b6e1c5476c0,FALSE,Brazil,2023,COE,Dry,8,8,88,Pedra Branca,Benefício Pedra Branca,Natural,Yellow Bourbon,Mantiqueira de Minas,396.83,11.8,4682.59,BPC for Coffee Fie,reported,TRUE,TRUE,https://allianceforcoffeeexcellence.org/brazil-2023/
bd9b75bd4942f555,d3b7ed42c4267f85,FALSE,Brazil,2023,COE,Dry,9,9,87.85,Morada do Sol,Elen Lorencini Moraes,Natural,Catucai 2SL,Cerrado Mineiro,330.69,12,3968.28,"Adachi Coffee, Sugi Coffee Roasting, THOTH COFFEE, Japan Roasters’ Network.",reported,TRUE,TRUE,https://allianceforcoffeeexcellence.org/brazil-2023/
4c67886befec06b5,fcdd5c89307083f7,FALSE,Brazil,2023,COE,Dry,10,10,87.47,Santiago,Elmiro Alves do Nascimento,Natural,Catigua,Cerrado Mineiro,661.39,11.1,7341.43,honu加藤珈琲店株式会社,reported,TRUE,TRUE,https://allianceforcoffeeexcellence.org/brazil-2023/
a2d53fa6861ac457,4c7e2a026ac5d69f,FALSE,Brazil,2023,COE,Wet,1,1,92.15,Fazenda Rio Verde,Ipanema Agrícola S/A,Pulped Natural,Geisha,Mantiqueira de Minas,330.69,62.7,20734.26,Grupo CAFEZA,reported,TRUE,TRUE,https://allianceforcoffeeexcellence.org/brazil-2023/
3fe3f46663ab2877,ad922b0a4fa92684,FALSE,Brazil,2023,COE,Wet,2,2,91,Sítio Três Barras,Horácio Antônio De Moura,Pulped Natural,Red Catuai,Matas de Minas,793.66,25.5,20238.33,SARUTAHIKO COFFEE,reported,TRUE,TRUE,https://allianceforcoffeeexcellence.org/brazil-2023/
bc46dfa1f791ce27,df3a30f1466e8ea4,FALSE,Brazil,2023,COE,Wet,3,3,89.71,Casa Brás,Pedro Brás,Honey,Geisha,Café da Canastra,396.83,33.4,13254.12,Kyokuto Fadie Corporation,reported,TRUE,TRUE,https://allianceforcoffeeexcellence.org/brazil-2023/
98f6257ee74acbd9,acefa0c89b7e50af,FALSE,Brazil,2023,COE,Wet,4,4,89.26,Fazenda Rochedo,Jose Maria Martins,Washed,Yellow Catuai,Matas de Minas,793.66,13,10317.58,TAKAMURA COFFEE ROASTERS  by MARUKAI,reported,TRUE,TRUE,https://allianceforcoffeeexcellence.org/brazil-2023/
f48ef15f0d6a3eb1,4071f9ce4d714278,FALSE,Brazil,2023,COE,Wet,5,5,88.88,Corrégo da Liberdade,Jeremias Lietig Braga,Pulped Natural,Catucaí 785,Montanhas do Espírito Santo,760.59,11.4,8670.73,"Wataru & Co., Ltd.",reported,TRUE,TRUE,https://allianceforcoffeeexcellence.org/brazil-2023/
74f85bec2efbf30d,b554da549e844d55,FALSE,Brazil,2023,COE,Wet,6,6,88.03,Fazenda Jr,Jose Flavio Ferraz Reis / Outro,Pulped Natural,Red Catucaí,Mantiqueira de Minas,793.66,10.35,8214.38,BPC for Coffee Fie,reported,TRUE,TRUE,https://allianceforcoffeeexcellence.org/brazil-2023/
67c1ab0084c9b52b,ee124c4b0da3e6d9,FALSE,Brazil,2023,COE,Wet,7,7,88,Sítio Liberdade,Luciano Dutra Pimenta,Pulped Natural,Catucai 785/15,Montanhas do Espírito Santo,396.83,11.7,4642.91,"Wataru for Towa Food Service CO., LTD.",reported,TRUE,TRUE,https://allianceforcoffeeexcellence.org/brazil-2023/
2937b32e908b70a9,0c4801263b454fd5,FALSE,Brazil,2023,COE,Wet,8,8,87.82,Sítio Sr. Niquinho,Luiz Paulo Dias Pereira Filho,Pulped Natural,Geisha,Mantiqueira de Minas,396.83,11.9,4722.28,"MUSEO Co., Ltd.",reported,TRUE,TRUE,https://allianceforcoffeeexcellence.org/brazil-2023/
01b8e4623d17c0b7,33e3374005c4b8f4,FALSE,Brazil,2023,COE,Wet,9,9,87.79,Chácara Ponto Alto,Ataide Maria Assunção,Pulped Natural,Catuai,Chapada Diamantina,330.69,11.9,3935.21,Wataru for Ogawa Coffee,reported,TRUE,TRUE,https://allianceforcoffeeexcellence.org/brazil-2023/
b587c1008be8c8e6,3a05413e5df32b32,FALSE,Brazil,2023,COE,Wet,10,10,87.65,Fazenda Agua Limpa,Sandra Maria Vilela Martins,Pulped Natural,Yellow Bourbon,Mantiqueira de Minas,793.66,11.5,9127.09,KAFFEBRENNERIET AS,reported,TRUE,TRUE,https://allianceforcoffeeexcellence.org/brazil-2023/
7372082c9a696022,7d350d41aa9a8b97,FALSE,Brazil,2023,NW,Experimental,NW,NW,86.97,Sítio da Lagoa,Elcimar Cristiano da Silva,Yellow Catucaí 24 137,Black Honey,Mantiqueira de Minas,396.83,5.1,2023.83,Co.Seekers Roasters,reported,TRUE,TRUE,https://allianceforcoffeeexcellence.org/brazil-2023/
bb2e328c4c66b4fb,c9554f5fb6979bfc,FALSE,Brazil,2023,NW,Dry,NW,NW,86.82,Fazenda Samambaia,Henrique Dias Cambraia,Geisha,Natural,Campo das Vertentes,330.69,8.6,2843.93,"Adachi Coffee, Sugi Coffee Roasting,THOTH COFFEE.",reported,TRUE,TRUE,https://allianceforcoffeeexcellence.org/brazil-2023/
c63417c443b53146,8b5efb1dc9c4ee2b,FALSE,Brazil,2023,NW,Wet,NW,NW,87.32,Sítio Diamantina Coffee,Jeffson Silva Santana,Pulped Natural,Red Catuai 144,Chapada Diamantina,396.83,7.5,2976.23,Nozy Coffee,reported,TRUE,TRUE,https://allianceforcoffeeexcellence.org/brazil-2023/
3f8bb21907888bea,9a710e3ad70e4a38,FALSE,Brazil,2023,NW,Wet,NW,NW,87.15,Sitio Da Serra,Marcio De Souza Franqueira,Pulped Natural,Yellow Bourbon,Mantiqueira de Minas,529.11,7.1,3756.68,Nozy Coffee,reported,TRUE,TRUE,https://allianceforcoffeeexcellence.org/brazil-2023/
860ab9dcc9c1d5b4,f65671b9f2245a5a,FALSE,Brazil,2023,NW,Wet,NW,NW,86.35,Fazenda Santo Antonio,Luiza Dias Pereira Lobo,Pulped Natural,Geisha,Mantiqueira de Minas,396.83,6.1,2420.66,Tov Studio,reported,TRUE,TRUE,https://allianceforcoffeeexcellence.org/brazil-2023/
c0b3065b7a1679d9,fe33c3859009e302,FALSE,Brazil,2023,NW,Wet,NW,NW,85.76,Fazenda Primavera,Ronaldo Morais Pena Filho,Honey,Geisha,Chapada de Minas,694.46,6,4166.76,"Wataru & Co., Ltd.",reported,TRUE,TRUE,https://allianceforcoffeeexcellence.org/brazil-2023/
0b0788d0e9ac6255,6ddf81bb4feab432,TRUE,Costa Rica,2024,COE,Traditional Washed Processes,1A,1,92.04,Santa Teresa,Roger Ureña Hidalgo,Washed,Geisha,Tarrazú,330.69,83,27447.27,"KALDI COFFEE FARM (CAMEL COFFEE CO.,LTD.)",reported,TRUE,TRUE,https://allianceforcoffeeexcellence.org/costa-rica-2024/
ee09f7404fa0b5f7,6ddf81bb4feab432,TRUE,Costa Rica,2024,COE,Traditional Washed Processes,1B,1,92.04,Santa Teresa,Roger Ureña Hidalgo,Washed,Geisha,Tarrazú,330.69,84,27777.96,"RYU BEANS COFFEE, TXT Coffee (.txt), CLARIMENTO, IDENTITY COFFEE LAB",reported,TRUE,TRUE,https://allianceforcoffeeexcellence.org/costa-rica-2024/
188222c9878ec6b1,5f2bd96c3bea1e6c,FALSE,Costa Rica,2024,COE,Traditional Washed Processes,2,2,90.65,El Cedro – Hacienda San Isidro Labrador,Johel Monge Naranjo,Washed,Geisha,Tarrazú,1223.56,20.7,25327.69,DECAMERON COFFEE,reported,TRUE,TRUE,https://allianceforcoffeeexcellence.org/costa-rica-2024/
a2fd4e63f634085e,5fecd80a85f5bdcf,FALSE,Costa Rica,2024,COE,Traditional Washed Processes,3,3,90.46,Quebrada Grande,Luis Diego Calderon Castillo,Washed,San Roque,Tarrazú,793.66,18.3,14523.98,Angelino’s Coffee,reported,TRUE,TRUE,https://allianceforcoffeeexcellence.org/costa-rica-2024/
9783110fd78fb270,3f2222ffa0a7e9af,FALSE,Costa Rica,2024,COE,Traditional Washed Processes,4,4,89.5,Hacienda Copey – Itadaki,"Daito Giken Costa Rica, S.A.",Washed,Geisha,Tarrazú,760.59,40.3,30651.78,"REC COFFEE, TAOCA COFFEE, GESHARY COFFEE",reported,TRUE,TRUE,https://allianceforcoffeeexcellence.org/costa-rica-2024/
6d1b58f4ecbcb785,e48e0336c2a4ee9e,FALSE,Costa Rica,2024,COE,Traditional Washed Processes,5,5,88.69,Río Blanco,Alejandra Cordero Solano,Washed,Catuai,Tarrazú,628.32,16.1,10115.95,honu加藤珈琲店株式会社,reported,TRUE,TRUE,https://allianceforcoffeeexcellence.org/costa-rica-2024/
fff3ce5e5b200edf,5aae94bfc5ce466f,FALSE,Costa Rica,2024,COE,Traditional Washed Processes,6,6,88.62,Don Cayito,Maria Lourdes Castillo Umaña,Washed,Typica,Tarrazú,760.59,18.6,14146.97,KAFFEBRENNERIET AS,reported,TRUE,TRUE,https://allianceforcoffeeexcellence.org/costa-rica-2024/
e29dd46a2b579635,b4297cb0adcb502e,FALSE,Costa Rica,2024,COE,Traditional Washed Processes,7,7,88.31,Volcan Azul Hacienda Colima,Alejo Castro Kahle,Washed,Otros,Valle Occidental,760.59,16,12169.44,Brew92,reported,TRUE,TRUE,https://allianceforcoffeeexcellence.org/costa-rica-2024/
5c3e70758fec5e06,12f24ae10d3821e5,FALSE,Costa Rica,2024,COE,Traditional Washed Processes,8,8,87.04,San Martín,Lisbeth Venegas Gamboa,Washed,Geisha,Tarrazú,661.39,17.1,11309.77,"WAVY COFFEE ROASTERS(Japan), GoldenNine(Korea), by UCC",reported,TRUE,TRUE,https://allianceforcoffeeexcellence.org/costa-rica-2024/
93fe98260c0210cf,20c9a2aab7453ab8,TRUE,Costa Rica,2024,COE,Traditional Honey & Natural Processes,1A,1,93.62,Don Cayito,Luis Ricardo Calderon Madrigal,Honey,Geisha,Tarrazú,363.76,82.3,29937.45,Angelino’s Coffee,reported,TRUE,TRUE,https://allianceforcoffeeexcellence.org/costa-rica-2024/
d9b187a8aa1656df,20c9a2aab7453ab8,TRUE,Costa Rica,2024,COE,Traditional Honey & Natural Processes,1B,1,93.62,Don Cayito,Luis Ricardo Calderon Madrigal,Honey,Geisha,Tarrazú,363.76,80.1,29137.18,"Orsir International Co., Ltd. Blossom Valley东莞市宸峄贸易有限公司",reported,TRUE,TRUE,https://allianceforcoffeeexcellence.org/costa-rica-2024/
77a99b00d85a8796,54c343689a658aaf,FALSE,Costa Rica,2024,COE,Traditional Honey & Natural Processes,2,2,92,La Torre,Jhon Alvarado Abarca,Black Honey,Geisha,Brunca,595.25,54,32143.5,Slope Roastery,reported,TRUE,TRUE,https://allianceforcoffeeexcellence.org/costa-rica-2024/
3b61fa21af0b69a3,05e5119ce3823af5,FALSE,Costa Rica,2024,COE,Traditional Honey & Natural Processes,3,3,91.42,Don Joel,Allan Alfredo Oviedo Rodriguez,Semi lavado,San Roque,Valle Occidental,892.87,18.9,16875.24,"Kawa Coffee, Brulerie du Quai.",reported,TRUE,TRUE,https://allianceforcoffeeexcellence.org/costa-rica-2024/
58b188e87eef4c85,4293fc6b6aaef338,FALSE,Costa Rica,2024,COE,Traditional Honey & Natural Processes,4,4,91.19,La Esmeralda,Ivan Daniel Gutierrez Ureña,Honey,Geisha,Tarrazú,628.32,77.3,48569.14,AL QAHWA AL ARABIAH,reported,TRUE,TRUE,https://allianceforcoffeeexcellence.org/costa-rica-2024/
d7beb3c0f79dd379,178e86dd3e14ad0e,FALSE,Costa Rica,2024,COE,Traditional Honey & Natural Processes,5,5,89.04,La Ele,Alberth Monge Segura,Honey,Geisha,Tarrazú,1223.56,14.9,18231.04,"Wataru & Co., Ltd.",reported,TRUE,TRUE,https://allianceforcoffeeexcellence.org/costa-rica-2024/
c799f095a636968b,361e28bcdfd3c090,FALSE,Costa Rica,2024,COE,Traditional Honey & Natural Processes,6,6,89.04,Don Elí,Jacob Montero Cordero,Natural,Geisha,Tarrazú,661.39,36,23810.04,"MUSEO Co., Ltd / COFFEE HWA / Haewol Coffee (South Korea) / liike coffee",reported,TRUE,TRUE,https://allianceforcoffeeexcellence.org/costa-rica-2024/
4d3ffb0a8952a156,68bd70c978a2a3da,FALSE,Costa Rica,2024,COE,Traditional Honey & Natural Processes,7,7,89.04,Don Mayo Tucanes,Luis Pablo Bonilla Solís,Natural,Geisha,Tarrazú,959.01,19.2,18412.99,karaz Albun,reported,TRUE,TRUE,https://allianceforcoffeeexcellence.org/costa-rica-2024/
b1416be3c5f9901b,9946c93c6f50e440,FALSE,Costa Rica,2024,COE,Traditional Honey & Natural Processes,8,8,88.96,Quebrada Grande,Lizeth Calderon Castillo,Natural,San Roque,Tarrazú,628.32,23.1,14514.19,BLACK SIP COFFEE,reported,TRUE,TRUE,https://allianceforcoffeeexcellence.org/costa-rica-2024/
df9b63d8d11f562a,2a218c5306683415,FALSE,Costa Rica,2024,COE,Traditional Honey & Natural Processes,9,9,88.81,La Bandera,Diego Hidalgo Umana,Natural,Geisha,Tarrazú,496.04,40,19841.6,ORO ROASTERS (SAUDI ARABIA),reported,TRUE,TRUE,https://allianceforcoffeeexcellence.org/costa-rica-2024/
51b864bf140ac132,82702405c435a142,FALSE,Costa Rica,2024,COE,Traditional Honey & Natural Processes,10,10,88.62,Hacienda Copey,"Daito Giken Costa Rica, S.A.",Honey,Geisha,Tarrazú,760.59,36.1,27457.3,"TAOCA COFFEE, REC COFFEE",reported,TRUE,TRUE,https://allianceforcoffeeexcellence.org/costa-rica-2024/
0f0324afc2deedc8,5605c9283c39907b,FALSE,Costa Rica,2024,COE,Traditional Honey & Natural Processes,11,11,88.58,El Cedro – Hacienda San Isidro Labrador,Johel Monge Naranjo,Honey,Geisha,Tarrazú,1223.56,20.3,24838.27,CHG（手多多咖啡）& BEAM Specialty (MAS)、Fisher Coffee、有容乃大Small Arms Big Heart、武汉铜山里、珈琲豆专门店、il gatto coffee意咖多咖啡、浙江咖豆咖啡有限公司、ALWAYS COFFEE、余温手冲咖啡屋 auctioned by Ecofarm Coffee (China),reported,TRUE,TRUE,https://allianceforcoffeeexcellence.org/costa-rica-2024/
e49cd5ad64fb1368,b71eaeecb2a0437a,FALSE,Costa Rica,2024,COE,Traditional Honey & Natural Processes,12,12,88.42,Pie San,Oscar Adolfo Monge Ureña,Honey,Geisha,Tarrazú,760.59,15.4,11713.09,NOZY COFFEE,reported,TRUE,TRUE,https://allianceforcoffeeexcellence.org/costa-rica-2024/
107bab79dd7605e4,5c0a9d9c922e2ce9,FALSE,Costa Rica,2024,COE,Traditional Honey & Natural Processes,13,13,88.35,El Chizo,Agricola Chizo,Semi lavado,San Roque,Valle Occidental,892.87,15.5,13839.49,AG COFFEE,reported,TRUE,TRUE,https://allianceforcoffeeexcellence.org/costa-rica-2024/
45651d093af128f8,18d521a6cb51299e,FALSE,Costa Rica,2024,COE,Traditional Honey & Natural Processes,14,14,88.35,Las Nubes,Roberto Mata Naranjo,Natural,Geisha,Tarrazú,694.46,16.1,11180.81,elbgold Röstkaffee GmbH,reported,TRUE,TRUE,https://allianceforcoffeeexcellence.org/costa-rica-2024/
8dd3106a47e1081e,b726d2d291565913,FALSE,Costa Rica,2024,COE,Traditional Honey & Natural Processes,15,15,88.35,Don Mayo La Loma,Héctor Bonilla Cruz,Honey,Geisha,Tarrazú,661.39,30.3,20040.12,Takamura Coffee Roasters by Marukai.,reported,TRUE,TRUE,https://allianceforcoffeeexcellence.org/costa-rica-2024/
f87453dbb4166990,f714aaaec9a93b70,FALSE,Costa Rica,2024,COE,Traditional Honey & Natural Processes,16,16,88.31,Finca Voo,Cafe Solis&Cordero S.A.,Natural,Catuai,Tarrazú,628.32,15.2,9550.46,"Wataru & Co., Ltd.",reported,TRUE,TRUE,https://allianceforcoffeeexcellence.org/costa-rica-2024/
55bd0bf0ecf59dba,05dc867294cd0c90,TRUE,Costa Rica,2024,COE,Experimental,1A,1,91.19,Finca Voo,Cafe Solis&Cordero S.A.,Fermentation,Catuai,Tarrazú,231.49,50.8,11759.69,Fadie Sasaguri Roastery Corporation,reported,TRUE,TRUE,https://allianceforcoffeeexcellence.org/costa-rica-2024/
07e4ba52f23c8fe5,05dc867294cd0c90,TRUE,Costa Rica,2024,COE,Experimental,1B,1,91.19,Finca Voo,Cafe Solis&Cordero S.A.,Fermentation,Catuai,Tarrazú,264.55,52,13756.6,AL QAHWA AL ARABIAH,reported,TRUE,TRUE,https://allianceforcoffeeexcellence.org/costa-rica-2024/
012f81ca5a5c8134,74ee8e3bd3d4a8d2,FALSE,Costa Rica,2024,COE,Experimental,2,2,90.81,Don Dario – Hacienda San Isidro Labrador,Matias Monge Leiva,Fermentation,Geisha,Tarrazú,925.94,25.2,23333.69,"C&B coffee roasters, Blossom Valley东莞市宸峄贸易有限公司, 厦门野豆咖啡, OONEX, 不精品咖啡协会 , 捌比特咖啡",reported,TRUE,TRUE,https://allianceforcoffeeexcellence.org/costa-rica-2024/
0f332b73c6416c10,b56fab80ad0dfd88,FALSE,Costa Rica,2024,COE,Experimental,3,3,90.42,Monte Llano Bonito El Kinkajou,Francisco Alejandro Mena Vilchez,Fermentation,San Roque,Valle Occidental,760.59,16.2,12321.56,"Coffee Me Up (Korea), Coffee Therapy (Thailand), Little City Coffee Roasters, Bean and Bean Coffee (NYC), Coffee Montage, PANDORA COFFEE ROASTERS",reported,TRUE,TRUE,https://allianceforcoffeeexcellence.org/costa-rica-2024/
26fe3691a8871dfe,72e5866e649cd4bb,FALSE,Costa Rica,2024,COE,Experimental,4,4,90.08,Fcj Volcan Azul,Fernando Castro Jimenez,Fermentation,Geisha,Valle Occidental,595.25,35.1,20893.28,karaz Albun,reported,TRUE,TRUE,https://allianceforcoffeeexcellence.org/costa-rica-2024/
107f1455bfd91e88,6d240c76f82dbf34,FALSE,Costa Rica,2024,COE,Experimental,5,5,88.62,El Bosque Geisha,Alessia Mena Castro,Fermentation,Geisha,Valle Occidental,661.39,20.1,13293.94,"GSC International Co., Ltd",reported,TRUE,TRUE,https://allianceforcoffeeexcellence.org/costa-rica-2024/
1c8adbf0ecdd2720,80a7d157cc6a59fe,FALSE,Costa Rica,2024,COE,Experimental,6,6,87.58,Fcj Volcan Azul – Cipresal,Fernando Castro Jimenez,Fermentation,Geisha,Valle Occidental,595.25,17,10119.25,Brew92,reported,TRUE,TRUE,https://allianceforcoffeeexcellence.org/costa-rica-2024/
47958b2bf0f80948,75dcd8030adf189d,FALSE,Costa Rica,2024,NW,Traditional Honey & Natural Processes,NW,NW,87.42,Aquiares Estate,Diego Alfonso Robelo Gutiérrez,Natural,Centroamericano o H1,Turrialba,793.66,8.5,6746.11,Slope Roastery,reported,TRUE,TRUE,https://allianceforcoffeeexcellence.org/costa-rica-2024/
bed025b7ed752507,5852551eed7a98f5,TRUE,El Salvador,2024,COE,Washed + Honey,1A,1,92,La Bendicion,Ismael  Recinos Flores,Honey,Pacamara,Alotepec-Metapan,661.38,31.6,20899.61,"Snow Beans Coffee, Bean & Bean Coffee (NYC), Cultivar Coffee, Idle Hands Roasting. Co. RYANS COFFEE ROASTERS, GABEE COFFEE",reported,TRUE,TRUE,https://allianceforcoffeeexcellence.org/el-salvador-2024/
d7ccd2737208fb02,5852551eed7a98f5,TRUE,El Salvador,2024,COE,Washed + Honey,1B,1,92,La Bendicion,Ismael  Recinos Flores,Honey,Pacamara,Alotepec-Metapan,716.5,30.9,22139.85,"KALDI COFFEE FARM (CAMEL COFFEE CO.,LTD.)",reported,TRUE,TRUE,https://allianceforcoffeeexcellence.org/el-salvador-2024/
28f2f5bd07791090,af586545e45126cd,FALSE,El Salvador,2024,COE,Washed + Honey,2,2,91.02,Los Naranjos,David  Velasquez Gomez,Lavado,Geisha,Apaneca-Ilamatepec,815.7,20.2,16477.14,DECAMERON COFFEE,reported,TRUE,TRUE,https://allianceforcoffeeexcellence.org/el-salvador-2024/
d3c9ae2dae103d6f,0134b565bfb36567,FALSE,El Salvador,2024,COE,Washed + Honey,3,3,90.09,Finca El Portezuelo,Rolando Melvi Huezo Escobar,Honey,Pacamara,Alotepec-Metapan,1075.84,13.5,14523.84,"Dabov Specialty Coffee, Coffee Me Up",reported,TRUE,TRUE,https://allianceforcoffeeexcellence.org/el-salvador-2024/
cb3cf4730583bae6,7ca884bc9a3585e6,FALSE,El Salvador,2024,COE,Washed + Honey,4,4,89.5,La Montaña,Francisco Alexander Ochoa Romero,Honey,Pacamara,Alotepec-Metapan,482.81,13.2,6373.09,"Kawa Coffee, Brulerie du Quai.",reported,TRUE,TRUE,https://allianceforcoffeeexcellence.org/el-salvador-2024/
e7a72c309d3715e3,29bceb2a768bf90c,FALSE,El Salvador,2024,COE,Washed + Honey,5,5,89.18,San Antonio De Alejandria,"Jose Elias Escobar Romero, S.A De C.V.",Honey,Pacamara,El Balsamo-Quezaltepeque,720.9,10.3,7425.27,M.I.Coffee Corporation,reported,TRUE,TRUE,https://allianceforcoffeeexcellence.org/el-salvador-2024/
1878386567ca41ec,66c850a58500af15,FALSE,El Salvador,2024,COE,Washed + Honey,6,6,88.05,San Jose,[w]  Terra Unlimited. S.A. De C.V.,Lavado,Pacamara,Apaneca-Ilamatepec,487.22,10.6,5164.53,Boqueron火萨 for CHG（手多多咖啡）,reported,TRUE,TRUE,https://allianceforcoffeeexcellence.org/el-salvador-2024/
77c116a3357fecbb,8c7997e2c0105f7b,FALSE,El Salvador,2024,COE,Washed + Honey,7,7,87.77,Plan Del Hoyo,"Monserrate, S.A. De C.V.",Lavado,Geisha,Apaneca-Ilamatepec,421.08,28.1,11832.35,Prodigal Coffee,reported,TRUE,TRUE,https://allianceforcoffeeexcellence.org/el-salvador-2024/
fe094c0b4bb438f6,b24990bc4d9d3a8d,FALSE,El Salvador,2024,COE,Washed + Honey,8,8,87.14,San Luis De Los Recuerdos,Roberto Samuel Ulloa Rusconi,Honey,Geisha,Apaneca-Ilamatepec,1097.89,13.6,14931.3,Brew92,reported,TRUE,TRUE,https://allianceforcoffeeexcellence.org/el-salvador-2024/
bd885108c8a837e9,39a5134a975ec082,TRUE,El Salvador,2024,COE,Natural,1A,1,91.8,Los Morales,Henri Milton Morales Umaña,Natural,Geisha,Alotepec-Metapan,198.41,122,24206.02,Angelino’s Coffee,reported,TRUE,TRUE,https://allianceforcoffeeexcellence.org/el-salvador-2024/
eb059073838275cd,39a5134a975ec082,TRUE,El Salvador,2024,COE,Natural,1B,1,91.8,Los Morales,Henri Milton Morales Umaña,Natural,Geisha,Alotepec-Metapan,260.14,114,29655.96,AL QAHWA AL ARABIAH,reported,TRUE,TRUE,https://allianceforcoffeeexcellence.org/el-salvador-2024/
bbb7032e25ca4ec2,cc40c1f5faebf0dc,FALSE,El Salvador,2024,COE,Natural,2,2,91.45,El Angel,Rafael Gerardo Silva Esteves,Natural,Sl28,Apaneca-Ilamatepec,502.65,36.1,18145.67,Angelino’s Coffee,reported,TRUE,TRUE,https://allianceforcoffeeexcellence.org/el-salvador-2024/
e3edf9ef34013d07,22b4f01b525ff95a,FALSE,El Salvador,2024,COE,Natural,3,3,90.43,Campo Bello,"Tre Inversiones, S.A. De C.V.",Natural,Geisha,Apaneca-Ilamatepec,978.84,16.6,16248.74,karaz Albun,reported,TRUE,TRUE,https://allianceforcoffeeexcellence.org/el-salvador-2024/
5ea906fc9e90435f,39c0b14b5dd167dd,FALSE,El Salvador,2024,COE,Natural,4,4,89.34,Don Octavio,Jose Octavio Umaña Valdivieso,Natural,Pacamara,Alotepec-Metapan,524.69,12.8,6716.03,Taresso Artisan Coffee Roasters,reported,TRUE,TRUE,https://allianceforcoffeeexcellence.org/el-salvador-2024/
d36feda3d3b3c12b,7fc4f706bf90ec96,FALSE,El Salvador,2024,COE,Natural,5,5,88.95,Los Naranjos,David  Velasquez Gomez,Natural,Pacamara,Apaneca-Ilamatepec,974.43,10,9744.3,Brew92,reported,TRUE,TRUE,https://allianceforcoffeeexcellence.org/el-salvador-2024/
9a7c4ab323654a3d,05b74352bb494334,FALSE,El Salvador,2024,COE,Natural,6,6,88.3,Mirador,Roberto Samuel Ulloa Vilanova,Natural,Sl28,Apaneca-Ilamatepec,956.8,11,10524.8,AL QAHWA AL ARABIAH,reported,TRUE,TRUE,https://allianceforcoffeeexcellence.org/el-salvador-2024/
b24b763d151cc6a5,21904d6f5321276c,FALSE,El Salvador,2024,COE,Natural,7,7,88.3,Plan Del Hoyo,"Monserrate, S.A. De C.V.",Natural,Sl28,Apaneca-Ilamatepec,487.22,13,6333.86,"TOB COFFEE( ARNIA LIMITED), Zi Zi, Q Lab, Pual’s Way Coffee, Stolen Summer and Ugly Coffee",reported,TRUE,TRUE,https://allianceforcoffeeexcellence.org/el-salvador-2024/
6bbd6b632816897c,b0638ab2fe0a6895,FALSE,El Salvador,2024,COE,Natural,8,8,88.14,"Finca  El Pital Coffee Estate, S.A. De C.V..","El Pital Coffee Estate, S.A. De C.V.",Natural,Geisha 50% / Tipica 50%,Alotepec-Metapan,476.19,13.3,6333.33,Saza Coffee,reported,TRUE,TRUE,https://allianceforcoffeeexcellence.org/el-salvador-2024/
fb5613a4ad6d9575,23afe74475fb4b7f,FALSE,El Salvador,2024,COE,Natural,9,9,87.45,Holanda,Carlos Mauricio Alberto Escalon Pacas,Natural,Pacamara 50% / Anacafe 50%,Apaneca-Ilamatepec,564.38,11.1,6264.62,Brew92,reported,TRUE,TRUE,https://allianceforcoffeeexcellence.org/el-salvador-2024/
2945c4ed4a772a9f,a6049f3f88e69c5e,FALSE,El Salvador,2024,COE,Natural,10,10,87.27,El Angel,Carlos Alfredo Mendez Florez Cabezas,Natural,Pacamara,Apaneca-Ilamatepec,738.54,10.1,7459.25,honu加藤珈琲店株式会社,reported,TRUE,TRUE,https://allianceforcoffeeexcellence.org/el-salvador-2024/
b8caf35ee3899db2,99bc39cbfc6ef9ba,TRUE,El Salvador,2024,COE,Experimental,1A,1,91.09,Las Brumas,Juan Jose Ernesto Menendez Arguello,Natural / Anaerobico,Bourbon 60% / Pacamara 40%,Apaneca-Ilamatepec,264.55,55,14550.25,AL QAHWA AL ARABIAH,reported,TRUE,TRUE,https://allianceforcoffeeexcellence.org/el-salvador-2024/
979d98ef81455e27,99bc39cbfc6ef9ba,TRUE,El Salvador,2024,COE,Experimental,1B,1,91.09,Las Brumas,Juan Jose Ernesto Menendez Arguello,Natural / Anaerobico,Bourbon 60% / Pacamara 40%,Apaneca-Ilamatepec,335.1,53.8,18028.38,"Shrub Coffee, Time’s Club",reported,TRUE,TRUE,https://allianceforcoffeeexcellence.org/el-salvador-2024/
d27907500837591c,cd8ca53ce77947c1,FALSE,El Salvador,2024,COE,Experimental,2,2,91.02,Finca Ethiopia,Sandra Xiomara Velasquez Moreno,Natural / Maceracion Carbonica,Geisha,Apaneca-Ilamatepec,890.66,17.75,15809.22,NOZY COFFEE,reported,TRUE,TRUE,https://allianceforcoffeeexcellence.org/el-salvador-2024/
f95df798788dfc39,54b046085ebbe165,FALSE,El Salvador,2024,COE,Experimental,3,3,90.45,Los Pirineos,"[w]  Agricafe, S.A. De C.V.",Natural / Anaerobico,Pacamara,Tecapa Chinameca,1205.92,9.6,11576.83,Fadie Sasaguri Coffee Roastery,reported,TRUE,TRUE,https://allianceforcoffeeexcellence.org/el-salvador-2024/
08fec56576e2570b,df4f82afd1dd85ed,FALSE,El Salvador,2024,COE,Experimental,4,4,90.23,Noruega,"Los Naranjos Cafe, S.A. De C.V.",Natural / Anaerobico,Geisha,Apaneca-Ilamatepec,992.07,10.2,10119.11,Taresso Artisan Coffee Roasters,reported,TRUE,TRUE,https://allianceforcoffeeexcellence.org/el-salvador-2024/
d832066eda078ed2,f4d323f79e3451a3,FALSE,El Salvador,2024,COE,Experimental,5,5,88.68,La Perla,Walter Vladimir Pineda Rodriguez,Lavado / Anaerobico,Pacamara,Alotepec-Metapan,787.04,9.5,7476.88,Fadie Sasaguri Coffee Roastery,reported,TRUE,TRUE,https://allianceforcoffeeexcellence.org/el-salvador-2024/
bb8537f2b37f851f,872451d6dc5a8ce4,FALSE,El Salvador,2024,COE,Experimental,6,6,88.32,Las Delicias,"Cafescal, S. A. De C. V.",Honey / Anaerobico,Sl28,Apaneca-Ilamatepec,524.69,12.75,6689.8,"Wataru & Co., Ltd.",reported,TRUE,TRUE,https://allianceforcoffeeexcellence.org/el-salvador-2024/
814008ff6745157f,63fff0f65f128a38,FALSE,El Salvador,2024,COE,Experimental,7,7,88.32,El Angel,[w]  Rafael Gerardo Silva Esteves,Natural / Maceracion Carbonica,Sl28,Apaneca-Ilamatepec,575.4,12.7,7307.58,Boqueron火萨 for OONEX / 不精品咖啡协会 / 捌比特咖啡,reported,TRUE,TRUE,https://allianceforcoffeeexcellence.org/el-salvador-2024/
9fae98aa7c949f60,e0f771afe268384d,FALSE,El Salvador,2024,COE,Experimental,8,8,88.2,Puerto Arturo,[w]  Karla Patricia Quiros  De Moises,Natural / Anaerobico,Pacamara,Apaneca-Ilamatepec,537.92,10.1,5432.99,"Shrub Coffee, Glams Coffee Roastery, Base Coffee, So Good Coffee, Coffee Roastery 101, Fourth Dimension Coffee and cafetia′m coffee roaster by Marukai",reported,TRUE,TRUE,https://allianceforcoffeeexcellence.org/el-salvador-2024/
0e3654ac4ca56ae1,d88f1fb4e328a148,FALSE,El Salvador,2024,COE,Experimental,9,9,88.07,El Manantial,Noe Aquiles Chacon Murcia,Lavado / Anaerobico,Pacamara,Alotepec-Metapan,789.25,9,7103.25,"Wataru & Co., Ltd.",reported,TRUE,TRUE,https://allianceforcoffeeexcellence.org/el-salvador-2024/
b588f1b06f51fc25,72954f260d7f8a47,FALSE,El Salvador,2024,COE,Experimental,10,10,88.02,El Izotal,"Aserradero Y Venta De Madera El Pinar, S.A. De C-.V.",Lavado / Anaerobico,Geisha,Alotepec-Metapan,465.17,26.4,12280.49,karaz Albun,reported,TRUE,TRUE,https://allianceforcoffeeexcellence.org/el-salvador-2024/
fabfaf1e5a06f45e,728870a60262b822,FALSE,El Salvador,2024,COE,Experimental,11,11,87.91,Las Duanas,Enrique  Mena Gutierrez,Lavado / Anaerobico,Pacamara,Alotepec – Metapan,1452.83,8.6,12494.34,"Wataru & Co., Ltd.",reported,TRUE,TRUE,https://allianceforcoffeeexcellence.org/el-salvador-2024/
f163bf867692075b,aed9839dde7804d5,FALSE,El Salvador,2024,COE,Experimental,12,12,87.75,Finca El Pezote,Hugo Alfonso Pineda Rodriguez,Lavado / Anaerobico,Pacamara,Alotepec-Metapan,798.07,8.8,7023.02,List & Beisler,reported,TRUE,TRUE,https://allianceforcoffeeexcellence.org/el-salvador-2024/
e9ec28c87fd73de9,8aaab17e075f7ce5,FALSE,El Salvador,2024,NW,Natural,NW,NW,86.95,Finca Ethiopia,Sandra Xiomara Velasquez Moreno,Natural,Bourbon,Apaneca-Ilamatepec,1051.59,5.1,5363.11,Nozy Coffee,reported,TRUE,TRUE,https://allianceforcoffeeexcellence.org/el-salvador-2024/
7455a4bc68891b3a,d180008c278e064f,FALSE,El Salvador,2024,NW,Natural,NW,NW,85.86,La Esperanza,"[w]  Inversiones Santonano, S.A. De C.V.",Natural,Sl28,Apaneca-Ilamatepec,676.81,5,3384.05,Karaz Albun,reported,TRUE,TRUE,https://allianceforcoffeeexcellence.org/el-salvador-2024/
587790f961a00f79,e1f39f720e42926e,FALSE,El Salvador,2024,NW,Experimental,NW,NW,87.36,Helvetia,Carmen Elena Calderon Sol De Escalon,Honey / Anaerobico,Pacamara,Apaneca-Ilamatepec,1223.55,5.1,6240.11,"Wataru & Co., Ltd.",reported,TRUE,TRUE,https://allianceforcoffeeexcellence.org/el-salvador-2024/
ef720471f105391b,e601c1b36a2667ef,TRUE,Ethiopia,2024,COE,NA,1A,1,90.5,Basha,Basha Bekele Butusha,Natural,74158,Sidama,198.42,445,88296.9,Angelino’s Coffee,reported,TRUE,TRUE,https://allianceforcoffeeexcellence.org/ethiopia-2024/
1c86c56ef06730a1,e601c1b36a2667ef,TRUE,Ethiopia,2024,COE,NA,1B,1,90.5,Basha,Basha Bekele Butusha,Natural,74158,Sidama,231.49,350.1,81044.65,"Orsir International Co. Ltd., SAZA COFFEE",reported,TRUE,TRUE,https://allianceforcoffeeexcellence.org/ethiopia-2024/
8b0850a961405a56,e1a85f699a7b72d1,TRUE,Ethiopia,2024,COE,NA,2A,2,90.13,Mate,Mate Matiwos Lamisa,Natural,74158,Sidama,661.39,90.1,59591.24,Sulalat Coffee Trading,reported,TRUE,TRUE,https://allianceforcoffeeexcellence.org/ethiopia-2024/
3319e3e08357a91e,e1a85f699a7b72d1,TRUE,Ethiopia,2024,COE,NA,2B,2,90.13,Mate,Mate Matiwos Lamisa,Natural,74158,Sidama,694.46,89.1,61876.39,ORO ROASTERS (SAUDI ARABIA),reported,TRUE,TRUE,https://allianceforcoffeeexcellence.org/ethiopia-2024/
c00d96303dcebb7f,817e1dfe96b6ca0b,FALSE,Ethiopia,2024,COE,NA,3,3,89.7,Bukto,Bukto Dure Bore,Natural,74158,Sidama,1554.26,33.4,51912.28,Black Knight SA.,reported,TRUE,TRUE,https://allianceforcoffeeexcellence.org/ethiopia-2024/
31105a9a5a74e822,1c0c46569b7e650f,FALSE,Ethiopia,2024,COE,NA,4,4,89.61,Bekele,Bekele Yutute Gosoma,Natural,74158,Sidama,1190.49,29,34524.21,AL QAHWA AL ARABIAH,reported,TRUE,TRUE,https://allianceforcoffeeexcellence.org/ethiopia-2024/
4e675f02705f6202,55c5c0e5f5074bec,FALSE,Ethiopia,2024,COE,NA,5,5,89.41,Bekele,Bekele Butusha Udumu,Natural,74158,Sidama,462.97,40.2,18611.39,"MUSEO Co., Ltd / COFFEE HWA / AYANTU(아얀투) / liike coffee",reported,TRUE,TRUE,https://allianceforcoffeeexcellence.org/ethiopia-2024/
4ee3b21799dfab8f,cff5dbde020a2de9,FALSE,Ethiopia,2024,COE,NA,6,6,89.33,Mitiku,Mitiku Kawiso Nuna,Natural,74112,Sidama,1388.91,40.1,55695.29,Sulalat Coffee Trading,reported,TRUE,TRUE,https://allianceforcoffeeexcellence.org/ethiopia-2024/
f3e40e9c17fccf30,47cc8939b93c99b0,FALSE,Ethiopia,2024,COE,NA,7,7,89.02,Sintayehu,Sintayehu Mesele Yiregu,Natural,74158,Sidama,2149.5,18.3,39335.85,"DECAMERON COFFEE, 印格咖啡Ingenuity Coffee, Songdo Coffee.",reported,TRUE,TRUE,https://allianceforcoffeeexcellence.org/ethiopia-2024/
6296d5892ac635cb,21300b4a292640bb,FALSE,Ethiopia,2024,COE,NA,8,8,89,Samuel,Samuel Zarihun Belachew,Natural,74110,Sidama,694.46,24.6,17083.72,Slope Roastery,reported,TRUE,TRUE,https://allianceforcoffeeexcellence.org/ethiopia-2024/
4742a7165f7c7309,f6ef41f30b0585ac,FALSE,Ethiopia,2024,COE,NA,9,9,88.96,Etenesh,Etenesh Gudura Guye,Natural,74112,Sidama,1488.12,29.1,43304.29,Sulalat Coffee Trading,reported,TRUE,TRUE,https://allianceforcoffeeexcellence.org/ethiopia-2024/
34f2ca5778b4c145,d9400c4cd7fe420d,FALSE,Ethiopia,2024,COE,NA,10,10,88.72,Mustefa,Mustefa Kediro Gabechu,Natural,74112,Oromiya,2777.82,10.1,28055.98,honu加藤珈琲店株式会社,reported,TRUE,TRUE,https://allianceforcoffeeexcellence.org/ethiopia-2024/
6f27cc4ef7d5c0c0,efc23eae4b8dc55d,FALSE,Ethiopia,2024,COE,NA,11,11,87.67,Sebeto,Senbeto Dingeto wico,Natural,74110,Sidama,1355.84,11.7,15863.33,Bunah,reported,TRUE,TRUE,https://allianceforcoffeeexcellence.org/ethiopia-2024/
da076e2316623fb6,2ad5b25b26c06bf8,FALSE,Ethiopia,2024,COE,NA,12,12,87.65,Tesfaye,Tesfaye Tesema Alemu,Natural,74110,Sidama,859.8,22.2,19087.56,"KALDI COFFEE FARM (CAMEL COFFEE CO.,LTD.)",reported,TRUE,TRUE,https://allianceforcoffeeexcellence.org/ethiopia-2024/
4d0a4714d63bb1ee,d435b1065c704a77,FALSE,Ethiopia,2024,COE,NA,13,13,87.63,Ermias,Ermias Garo Naremo,Natural,74158,Sidama,1521.19,18.5,28142.02,Saza Coffee,reported,TRUE,TRUE,https://allianceforcoffeeexcellence.org/ethiopia-2024/
333d37e1e5ee6836,9b94c0ac7f142837,FALSE,Ethiopia,2024,COE,NA,14,14,87.61,Azalech,Azalech Getahun Mengistu,Natural,74112,Sidama,2943.17,10.2,30020.33,"Wataru & Co., Ltd.",reported,TRUE,TRUE,https://allianceforcoffeeexcellence.org/ethiopia-2024/
bebbd639ff5a1cdc,cb38322c5feadef0,FALSE,Ethiopia,2024,COE,NA,15,15,87.57,Belaineh,Belaineh Beriso Yabato,Natural,74158,Sidama,1455.05,22.1,32156.61,Fadie Sasaguri Roastery Corporation,reported,TRUE,TRUE,https://allianceforcoffeeexcellence.org/ethiopia-2024/
618b942c9e5364b9,24f82199a8d3d04f,FALSE,Ethiopia,2024,COE,NA,16,16,87.52,Tamru,Tamru Godana Doba,Natural,74158,Sidama,1818.81,15.41,28027.86,Snow Beans Coffee & Ryans Coffee Roasters,reported,TRUE,TRUE,https://allianceforcoffeeexcellence.org/ethiopia-2024/
1d402fa1e29a3b75,9eb837c9c3b0ffcc,FALSE,Ethiopia,2024,COE,NA,17,17,87.5,Tafo,Tafo Hero Gurajche,Natural,74158,Sidama,1124.36,15.9,17877.32,Prodigal Coffee,reported,TRUE,TRUE,https://allianceforcoffeeexcellence.org/ethiopia-2024/
cc02c0960fe61b2c,c03225ec0cdf7ca7,FALSE,Ethiopia,2024,COE,NA,18,18,87.5,Abriham,Abriham Kifle Gange,Natural,74158,Sidama,1025.15,20,20503,1895 by Lavazza,reported,TRUE,TRUE,https://allianceforcoffeeexcellence.org/ethiopia-2024/
f9dd664e606d8a44,f3c66fad72c3967f,FALSE,Ethiopia,2024,COE,NA,19,19,87.48,Bayene,Bayene Tadesse Yunka,Natural,74158,Sidama,1256.63,11.4,14325.58,Full Sweet Coffee,reported,TRUE,TRUE,https://allianceforcoffeeexcellence.org/ethiopia-2024/
eb45ac3169280d15,8101f5ef5e1e098e,FALSE,Ethiopia,2024,COE,NA,20,20,87.46,Leikun,Leikun Zegeye Dagnachew,Natural,74158,Sidama,1653.47,11,18188.17,"Dabov Specialty Coffee, Coffee Me Up (Korea), Coffee Therapy (Thailand), MARISSTELLA COFFEE, TWO HANDS FULL (Indonesia), A Roastworks (Indonesia), JIBBI COFFEE ROASTERS, Baristatus. Idle Hands Coffee",reported,TRUE,TRUE,https://allianceforcoffeeexcellence.org/ethiopia-2024/
6a89f28a381adba4,920c3878238437b4,FALSE,Ethiopia,2024,COE,NA,21,21,87.41,Agana,Agana Adora Tona,Natural,74158,Sidama,1554.26,11.3,17563.14,"印格咖啡Ingenuity Coffee & CHG (手多多咖啡) & Orsir International Co., Ltd & BEAM Specialty (MAS) & 搞搞咖啡 & 林可斯特 & Aokka Coffee & abit coffee & Little Whale Coffee Limited & 穷学生小李",reported,TRUE,TRUE,https://allianceforcoffeeexcellence.org/ethiopia-2024/
ac7368fd1f650347,ecb5591c16e39d43,FALSE,Ethiopia,2024,COE,NA,22,22,87.26,Zewuditu,Zewuditu Zinabe Genale,Natural,74158,Sidama,1058.22,13,13756.86,Prodigal Coffee,reported,TRUE,TRUE,https://allianceforcoffeeexcellence.org/ethiopia-2024/
716d9c8924a725d9,3c8a6f95223d28c5,FALSE,Ethiopia,2024,COE,NA,23,23,87.24,Legesse,Legesse Kasse Tule,Natural,74158,Sidama,1223.56,11.3,13826.23,Wolfing Coffee，北京深浅白贸易有限公司，际遇咖啡Happenstance,reported,TRUE,TRUE,https://allianceforcoffeeexcellence.org/ethiopia-2024/
693ef6be575f2e48,b70e63a16ec88055,FALSE,Ethiopia,2024,COE,NA,24,24,87.2,Tamiru,Tamiru Chifa Tula,Natural,74158,Sidama,859.8,13,11177.4,中国武汉铜山里、浙江咖豆咖啡、Roaster Camp、Golden Bear Coffee、Instinct Coffee Roastery (Indonesia) auctioned by Ecofarm Coffee (China),reported,TRUE,TRUE,https://allianceforcoffeeexcellence.org/ethiopia-2024/
24f760c3b6b4d24e,832e6b86331c441b,FALSE,Ethiopia,2024,COE,NA,25,25,87.09,Ejigu,Ejigu Hankaro Shera,Natural,74158,Sidama,925.94,20.1,18611.39,"LNK Coffee for 弘顺咖啡, StillCoffee, 弘顺咖啡 – Lebunna, 派福咖啡 – PASSION FRUIT, 寻豆师SEEDHERO , 中国武汉铜山里咖啡 – Tongshanli Coffee, Wuhan, China, 不急咖啡小屋 – Buji Coffee Shop",reported,TRUE,TRUE,https://allianceforcoffeeexcellence.org/ethiopia-2024/
d24aef683d00862d,554b29a80ed93a95,FALSE,Ethiopia,2024,COE,NA,26,26,87.04,Almaz,Almaz Gujo Ergiso,Natural,74158,Sidama,1091.29,11.1,12113.32,"Wataru & Co., Ltd.",reported,TRUE,TRUE,https://allianceforcoffeeexcellence.org/ethiopia-2024/
4731a34ae201e6ea,32b9d029e203fdbc,FALSE,Ethiopia,2024,COE,NA,27,27,87.02,Tadess,Tadesse Teko Tero,Natural,74112,South Eth.,1587.33,10.3,16349.5,"Wataru & Co., Ltd.",reported,TRUE,TRUE,https://allianceforcoffeeexcellence.org/ethiopia-2024/
baf38008692220a6,57f950099658da14,FALSE,Ethiopia,2024,NW,NA,NW,NW,86.98,Burtekan,Burtekan Zewde Checo,Natural,74158,Sidama,1521.19,5.7,8670.78,Brew92,reported,TRUE,TRUE,https://allianceforcoffeeexcellence.org/ethiopia-2024/
b5daf06ee8d5e805,c9df3a5e842b6a87,FALSE,Ethiopia,2024,NW,NA,NW,NW,86.91,Negussie,Negusu kayemo Woraso,Natural,74158,Sidama,892.87,6,5357.22,NOZY COFFEE,reported,TRUE,TRUE,https://allianceforcoffeeexcellence.org/ethiopia-2024/
ab8cb789479c5968,0a883e77b57440e3,FALSE,Ethiopia,2024,NW,NA,NW,NW,86.89,Yiromnesh,Yiromnesh Roba Woticha,Natural,74112/74110,Oromiya,1653.47,9.4,15542.62,Linking Coffee. Billy Roaster,reported,TRUE,TRUE,https://allianceforcoffeeexcellence.org/ethiopia-2024/
9a9c5f6aeee23a97,257eded8ec77ecba,FALSE,Ethiopia,2024,NW,NA,NW,NW,86.74,W/ro Buja,W/ro Buja G/Genamo,Natural,74158,Sidama,694.46,5.6,3888.98,Brew92,reported,TRUE,TRUE,https://allianceforcoffeeexcellence.org/ethiopia-2024/
350e1d8d03c35254,28b76175285a711a,FALSE,Ethiopia,2024,NW,NA,NW,NW,86.65,Bekele,Bekele Beleko Todeso,Natural,74110,Sidama,1322.77,5.7,7539.79,Brew92,reported,TRUE,TRUE,https://allianceforcoffeeexcellence.org/ethiopia-2024/
13da93fed5e561b2,7d955d6d9ce4a5a6,FALSE,Ethiopia,2024,NW,NA,NW,NW,86.59,Meswat Shimeles Abera,Meswat Shimeles Abera,Natural,74158,Sidama,529.11,9,4761.99,"Wataru & Co., Ltd.",reported,TRUE,TRUE,https://allianceforcoffeeexcellence.org/ethiopia-2024/
9bd2cc97f82a8cdf,510bc763707d9a7c,FALSE,Ethiopia,2024,NW,NA,NW,NW,86.43,Assefa,Assefa Dengisso Horisa,Natural,74158,Sidama,2083.37,5,10416.85,Linking Coffee. 樂波波珈琲 Le BoBo Coffee. 失親兒福利基金會 TOWF 「有光咖啡」Taipei Orphan Welfare Foundation/ Yehi’or,reported,TRUE,TRUE,https://allianceforcoffeeexcellence.org/ethiopia-2024/
bdfc8de6f5e5d1bf,d30954c8493d8ffe,FALSE,Ethiopia,2024,NW,NA,NW,NW,86.43,Yednkachew,Yednkachew Kebede,Natural,74158,Sidama,1190.49,8.2,9762.02,Sulalat Coffee Trading,reported,TRUE,TRUE,https://allianceforcoffeeexcellence.org/ethiopia-2024/
6ae59cd120bb0e39,6ea17b1ec10a0868,FALSE,Ethiopia,2024,NW,NA,NW,NW,86.41,Niguse,Niguse Jilo Dima,Natural,74110,South Eth.,562.18,7.4,4160.13,Sulalat Coffee Trading,reported,TRUE,TRUE,https://allianceforcoffeeexcellence.org/ethiopia-2024/
d2c48e71a07eb60b,8cf1e0b86a3f2e53,FALSE,Ethiopia,2024,NW,NA,NW,NW,86.33,Biruk,Biruk Girma Wondimu,Natural,74112,Oromiya,562.18,5.2,2923.34,L’escargot d’or cosmetocafe,reported,TRUE,TRUE,https://allianceforcoffeeexcellence.org/ethiopia-2024/
7a72fdfe89559f4e,17d24cb947a5bee8,FALSE,Ethiopia,2024,NW,NA,NW,NW,86.26,Mairegnesh,Mairegnesh kebede Kawise,Natural,74112,Sidama,1190.49,7.4,8809.63,Sulalat Coffee Trading,reported,TRUE,TRUE,https://allianceforcoffeeexcellence.org/ethiopia-2024/
c6b3508d9e9b93f4,ac311bd87d0b453a,FALSE,Ethiopia,2024,NW,NA,NW,NW,86.04,Esyas,Esyas Berso Arere,Natural,74110,Oromiya,1157.43,5.1,5902.89,What’s Brewing,reported,TRUE,TRUE,https://allianceforcoffeeexcellence.org/ethiopia-2024/
6a2646198a2d4949,8787c9e5d9d62d8f,FALSE,Ethiopia,2024,NW,NA,NW,NW,85.72,Adisu,Adisu Ararso Kifile,Natural,74158,Sidama,859.8,5,4299,Gil-coffee,reported,TRUE,TRUE,https://allianceforcoffeeexcellence.org/ethiopia-2024/
