country,year,event_name,event_type,source_url,accessed_at,active,notes
Bolivia,2004,2004,COE,https://allianceforcoffeeexcellence.org/bolivia-2004/,2026-09-13,TRUE,Official ACE historical results page
Bolivia,2005,2005,COE,https://allianceforcoffeeexcellence.org/bolivia-2005/,2026-09-13,TRUE,Official ACE historical results page
Bolivia,2007,2007,COE,https://allianceforcoffeeexcellence.org/bolivia-2007/,2026-09-13,TRUE,Official ACE historical results page
Bolivia,2008,2008,COE,https://allianceforcoffeeexcellence.org/bolivia-2008/,2026-09-13,TRUE,Official ACE historical results page
Bolivia,2009,2009,COE,https://allianceforcoffeeexcellence.org/bolivia-2009/,2026-09-13,TRUE,Official ACE historical results page
Brazil,1999,1999,COE Pulped Natural,https://allianceforcoffeeexcellence.org/brazil-pulped-naturals-1999/,2026-09-13,TRUE,Official ACE historical results page
Brazil,2000,2000,COE Pulped Natural,https://allianceforcoffeeexcellence.org/brazil-pulped-naturals-2000/,2026-09-13,TRUE,Official ACE historical results page
Brazil,2001,2001,COE Pulped Natural,https://allianceforcoffeeexcellence.org/brazil-pulped-naturals-2001/,2026-09-13,TRUE,Official ACE historical results page
Brazil,2002,2002,COE Pulped Natural,https://allianceforcoffeeexcellence.org/brazil-pulped-naturals-2002/,2026-09-13,TRUE,Official ACE historical results page
Brazil,2003,2003,COE Pulped Natural,https://allianceforcoffeeexcellence.org/brazil-pulped-naturals-2003/,2026-09-13,TRUE,Official ACE historical results page
Brazil,2004,2004,COE Pulped Natural,https://allianceforcoffeeexcellence.org/brazil-pulped-naturals-2004/,2026-09-13,TRUE,Official ACE historical results page
Brazil,2005,2005,COE Pulped Natural,https://allianceforcoffeeexcellence.org/brazil-pulped-naturals-2005/,2026-09-13,TRUE,Official ACE historical results page
Brazil,2006,2006,COE Pulped Natural,https://allianceforcoffeeexcellence.org/brazil-pulped-naturals-2006/,2026-09-13,TRUE,Official ACE historical results page
Brazil,2008,2008,COE Pulped Natural,https://allianceforcoffeeexcellence.org/brazil-pulped-naturals-2008/,2026-09-13,TRUE,Official ACE historical results page
Brazil,2009,2009,COE Pulped Natural,https://allianceforcoffeeexcellence.org/brazil-pulped-naturals-2009/,2026-09-13,TRUE,Official ACE historical results page
Brazil,2011,2011,COE Pulped Natural,https://allianceforcoffeeexcellence.org/brazil-pulped-naturals-2011/,2026-09-13,TRUE,Official ACE historical results page
Brazil,2012,2012,COE Natural,https://allianceforcoffeeexcellence.org/brazil-naturals-2012/,2026-09-13,TRUE,Official ACE historical results page
Brazil,2012,2012,COE Pulped Natural,https://allianceforcoffeeexcellence.org/brazil-pulped-naturals-2012/,2026-09-13,TRUE,Official ACE historical results page
Brazil,2013,2013,COE Natural,https://allianceforcoffeeexcellence.org/brazil-naturals-2013/,2026-09-13,TRUE,Official ACE historical results page
Brazil,2013,2013,COE Pulped Natural,https://allianceforcoffeeexcellence.org/brazil-pulped-naturals-2013/,2026-09-13,TRUE,Official ACE historical results page
Brazil,2014,2014,COE Natural,https://allianceforcoffeeexcellence.org/brazil-naturals-2014/,2026-09-13,TRUE,Official ACE historical results page
Brazil,2014,2014,COE Pulped Natural,https://allianceforcoffeeexcellence.org/brazil-pulped-naturals-2014/,2026-09-13,TRUE,Official ACE historical results page
Brazil,2015,2015 January,COE Natural,https://allianceforcoffeeexcellence.org/brazil-naturals-2015-january/,2026-09-13,TRUE,Official ACE historical results page
Brazil,2015,2015 December,COE Natural,https://allianceforcoffeeexcellence.org/brazil-naturals-2015/,2026-09-13,TRUE,Official ACE historical results page
Brazil,2015,2015,COE Pulped Natural,https://allianceforcoffeeexcellence.org/brazil-pulped-naturals-2015/,2026-09-13,TRUE,Official ACE historical results page
Brazil,2016,2016,COE Natural,https://allianceforcoffeeexcellence.org/brazil-naturals-2016/,2026-09-13,TRUE,Official ACE historical results page
Brazil,2016,2016,COE Pulped Natural,https://allianceforcoffeeexcellence.org/brazil-pulped-naturals-2016/,2026-09-13,TRUE,Official ACE historical results page
Brazil,2017,2017,COE Natural,https://allianceforcoffeeexcellence.org/brazil-naturals-2017/,2026-09-13,TRUE,Official ACE historical results page
Brazil,2017,2017,COE Pulped Natural,https://allianceforcoffeeexcellence.org/brazil-pulped-naturals-2017/,2026-09-13,TRUE,Official ACE historical results page
Brazil,2018,2018,COE Natural,https://allianceforcoffeeexcellence.org/brazil-naturals-2018/,2026-09-13,TRUE,Official ACE historical results page
Brazil,2018,2018,COE Pulped Natural,https://allianceforcoffeeexcellence.org/brazil-pulped-naturals-2018/,2026-09-13,TRUE,Official ACE historical results page
Brazil,2019,2019,COE,https://allianceforcoffeeexcellence.org/brazil-2019/,2026-09-13,TRUE,Official ACE historical results page
Brazil,2020,Brazil 2020,COE,https://allianceforcoffeeexcellence.org/brazil-2020/,2026-09-11,TRUE,Official ACE historical results page
Brazil,2021,Brazil 2021,COE,https://allianceforcoffeeexcellence.org/brazil-2021/,2026-09-11,TRUE,Official ACE historical results page
Brazil,2022,Brazil 2022,COE,https://allianceforcoffeeexcellence.org/brazil-2022/,2026-09-11,TRUE,Official ACE historical results page
Brazil,2023,Brazil 2023,COE,https://allianceforcoffeeexcellence.org/brazil-2023/,2026-09-11,TRUE,Official ACE historical results page
Brazil,2024,Brazil 2024,COE,https://allianceforcoffeeexcellence.org/brazil-2024/,2026-09-11,TRUE,Official ACE historical results page
Brazil,2025,Brazil 2025,COE,https://allianceforcoffeeexcellence.org/brazil-2025/,2026-09-11,TRUE,Official ACE historical results page
Burundi,2012,2012,COE,https://allianceforcoffeeexcellence.org/burundi-2012/,2026-09-13,TRUE,Official ACE historical results page
Burundi,2013,2013,COE,https://allianceforcoffeeexcellence.org/burundi-2013/,2026-09-13,TRUE,Official ACE historical results page
Burundi,2014,2014,COE,https://allianceforcoffeeexcellence.org/burundi-2014/,2026-09-13,TRUE,Official ACE historical results page
Burundi,2015,2015,COE,https://allianceforcoffeeexcellence.org/burundi-2015/,2026-09-13,TRUE,Official ACE historical results page
Burundi,2017,2017,COE,https://allianceforcoffeeexcellence.org/burundi-2017/,2026-09-13,TRUE,Official ACE historical results page
Burundi,2018,2018,COE,https://allianceforcoffeeexcellence.org/burundi-2018/,2026-09-13,TRUE,Official ACE historical results page
Burundi,2019,2019,COE,https://allianceforcoffeeexcellence.org/burundi-2019/,2026-09-13,TRUE,Official ACE historical results page
Colombia,2005,2005 North,COE regional,https://allianceforcoffeeexcellence.org/colombia-north-2005/,2026-09-13,TRUE,Official ACE historical results page
Colombia,2005,2005 South,COE regional,https://allianceforcoffeeexcellence.org/colombia-south-2005/,2026-09-13,TRUE,Official ACE historical results page
Colombia,2006,2006 North,COE regional,https://allianceforcoffeeexcellence.org/colombia-north-2006/,2026-09-13,TRUE,Official ACE historical results page
Colombia,2006,2006 South,COE regional,https://allianceforcoffeeexcellence.org/colombia-south-2006/,2026-09-13,TRUE,Official ACE historical results page
Colombia,2007,2007 North,COE regional,https://allianceforcoffeeexcellence.org/colombia-north-2007/,2026-09-13,TRUE,Official ACE historical results page
Colombia,2008,2008 South,COE regional,https://allianceforcoffeeexcellence.org/colombia-south-2008/,2026-09-13,TRUE,Official ACE historical results page
Colombia,2009,2009 North,COE regional,https://allianceforcoffeeexcellence.org/colombia-north-2009/,2026-09-13,TRUE,Official ACE historical results page
Colombia,2010,2010 South,COE regional,https://allianceforcoffeeexcellence.org/colombia-south-2010/,2026-09-13,TRUE,Official ACE historical results page
Colombia,2011,2011 North,COE regional,https://allianceforcoffeeexcellence.org/colombia-north-2011/,2026-09-13,TRUE,Official ACE historical results page
Colombia,2012,2012 South,COE regional,https://allianceforcoffeeexcellence.org/colombia-south-2012/,2026-09-13,TRUE,Official ACE historical results page
Colombia,2013,2013 North,COE regional,https://allianceforcoffeeexcellence.org/colombia-north-2013/,2026-09-13,TRUE,Official ACE historical results page
Colombia,2014,2014 South,COE regional,https://allianceforcoffeeexcellence.org/colombia-south-2014/,2026-09-13,TRUE,Official ACE historical results page
Colombia,2015,2015 North,COE regional,https://allianceforcoffeeexcellence.org/colombia-north-2015/,2026-09-13,TRUE,Official ACE historical results page
Colombia,2017,2017,COE,https://allianceforcoffeeexcellence.org/colombia-2017/,2026-09-13,TRUE,Official ACE historical results page
Colombia,2018,2018,COE,https://allianceforcoffeeexcellence.org/colombia-2018/,2026-09-13,TRUE,Official ACE historical results page
Colombia,2019,2019 North,COE regional,https://allianceforcoffeeexcellence.org/colombia-north-2019/,2026-09-13,TRUE,Official ACE historical results page
Colombia,2020,Colombia 2020,COE,https://allianceforcoffeeexcellence.org/colombia-2020/,2026-09-11,TRUE,Official ACE historical results page
Colombia,2021,Colombia 2021,COE,https://allianceforcoffeeexcellence.org/colombia-2021/,2026-09-11,TRUE,Official ACE historical results page
Colombia,2022,Colombia 2022,COE,https://allianceforcoffeeexcellence.org/colombia-2022/,2026-09-11,TRUE,Official ACE historical results page
Colombia,2023,Colombia 2023,COE,https://allianceforcoffeeexcellence.org/colombia-2023/,2026-09-11,TRUE,Official ACE historical results page
Costa Rica,2007,2007,COE,https://allianceforcoffeeexcellence.org/costa-rica-2007/,2026-09-13,TRUE,Official ACE historical results page
Costa Rica,2008,2008,COE,https://allianceforcoffeeexcellence.org/costa-rica-2008/,2026-09-13,TRUE,Official ACE historical results page
Costa Rica,2009,2009,COE,https://allianceforcoffeeexcellence.org/costa-rica-2009/,2026-09-13,TRUE,Official ACE historical results page
Costa Rica,2011,2011,COE,https://allianceforcoffeeexcellence.org/costa-rica-2011/,2026-09-13,TRUE,Official ACE historical results page
Costa Rica,2012,2012,COE,https://allianceforcoffeeexcellence.org/costa-rica-2012/,2026-09-13,TRUE,Official ACE historical results page
Costa Rica,2013,2013,COE,https://allianceforcoffeeexcellence.org/costa-rica-2013/,2026-09-13,TRUE,Official ACE historical results page
Costa Rica,2014,2014,COE,https://allianceforcoffeeexcellence.org/costa-rica-2014/,2026-09-13,TRUE,Official ACE historical results page
Costa Rica,2015,2015,COE,https://allianceforcoffeeexcellence.org/costa-rica-2015/,2026-09-13,TRUE,Official ACE historical results page
Costa Rica,2016,2016,COE,https://allianceforcoffeeexcellence.org/costa-rica-2016/,2026-09-13,TRUE,Official ACE historical results page
Costa Rica,2017,2017,COE,https://allianceforcoffeeexcellence.org/costa-rica-coe-2017/,2026-09-13,TRUE,Official ACE historical results page
Costa Rica,2018,2018,COE,https://allianceforcoffeeexcellence.org/costa-rica-2018/,2026-09-13,TRUE,Official ACE historical results page
Costa Rica,2019,2019,COE,https://allianceforcoffeeexcellence.org/costa-rica-2019/,2026-09-13,TRUE,Official ACE historical results page
Costa Rica,2020,Costa Rica 2020,COE,https://allianceforcoffeeexcellence.org/costa-rica-2020/,2026-09-11,TRUE,Official ACE historical results page
Costa Rica,2021,Costa Rica 2021,COE,https://allianceforcoffeeexcellence.org/costa-rica-2021/,2026-09-11,TRUE,Official ACE historical results page
Costa Rica,2022,Costa Rica 2022,COE,https://allianceforcoffeeexcellence.org/costa-rica-2022/,2026-09-11,TRUE,Official ACE historical results page
Costa Rica,2023,Costa Rica 2023,COE,https://allianceforcoffeeexcellence.org/costa-rica-2023/,2026-09-11,TRUE,Official ACE historical results page
Costa Rica,2024,Costa Rica 2024,COE,https://allianceforcoffeeexcellence.org/costa-rica-2024/,2026-09-11,TRUE,Official ACE historical results page
Costa Rica,2025,Costa Rica 2025,COE,https://allianceforcoffeeexcellence.org/costa-rica-2025/,2026-09-11,TRUE,Official ACE historical results page
Ecuador,2021,Ecuador 2021,COE,https://allianceforcoffeeexcellence.org/ecuador-2021/,2026-09-11,TRUE,Official ACE historical results page
Ecuador,2022,Ecuador 2022,COE,https://allianceforcoffeeexcellence.org/ecuador-2022/,2026-09-11,TRUE,Official ACE historical results page
Ecuador,2023,Ecuador 2023,COE,https://allianceforcoffeeexcellence.org/ecuador-2023/,2026-09-11,TRUE,Official ACE historical results page
El Salvador,2003,2003,COE,https://allianceforcoffeeexcellence.org/el-salvador-2003/,2026-09-13,TRUE,Official ACE historical results page
El Salvador,2004,2004,COE,https://allianceforcoffeeexcellence.org/el-salvador-2004/,2026-09-13,TRUE,Official ACE historical results page
El Salvador,2005,2005,COE,https://allianceforcoffeeexcellence.org/el-salvador-2005/,2026-09-13,TRUE,Official ACE historical results page
El Salvador,2006,2006,COE,https://allianceforcoffeeexcellence.org/el-salvador-2006/,2026-09-13,TRUE,Official ACE historical results page
El Salvador,2007,2007,COE,https://allianceforcoffeeexcellence.org/el-salvador-2007/,2026-09-13,TRUE,Official ACE historical results page
El Salvador,2008,2008,COE,https://allianceforcoffeeexcellence.org/el-salvador-2008/,2026-09-13,TRUE,Official ACE historical results page
El Salvador,2009,2009,COE,https://allianceforcoffeeexcellence.org/el-salvador-2009/,2026-09-13,TRUE,Official ACE historical results page
El Salvador,2010,2010,COE,https://allianceforcoffeeexcellence.org/el-salvador-2010/,2026-09-13,TRUE,Official ACE historical results page
El Salvador,2011,2011,COE,https://allianceforcoffeeexcellence.org/el-salvador-2011/,2026-09-13,TRUE,Official ACE historical results page
El Salvador,2012,2012,COE,https://allianceforcoffeeexcellence.org/el-salvador-2012/,2026-09-13,TRUE,Official ACE historical results page
El Salvador,2013,2013,COE,https://allianceforcoffeeexcellence.org/el-salvador-2013/,2026-09-13,TRUE,Official ACE historical results page
El Salvador,2014,2014,COE,https://allianceforcoffeeexcellence.org/el-salvador-2014/,2026-09-13,TRUE,Official ACE historical results page
El Salvador,2015,2015,COE,https://allianceforcoffeeexcellence.org/el-salvador-2015/,2026-09-13,TRUE,Official ACE historical results page
El Salvador,2017,2017,COE,https://allianceforcoffeeexcellence.org/el-salvador-2017/,2026-09-13,TRUE,Official ACE historical results page
El Salvador,2018,2018,COE,https://allianceforcoffeeexcellence.org/el-salvador-2018/,2026-09-13,TRUE,Official ACE historical results page
El Salvador,2019,2019,COE,https://allianceforcoffeeexcellence.org/el-salvador-2019/,2026-09-13,TRUE,Official ACE historical results page
El Salvador,2020,El Salvador 2020,COE,https://allianceforcoffeeexcellence.org/el-salvador-2020/,2026-09-11,TRUE,Official ACE historical results page
El Salvador,2021,El Salvador 2021,COE,https://allianceforcoffeeexcellence.org/el-salvador-2021/,2026-09-11,TRUE,Official ACE historical results page
El Salvador,2022,El Salvador 2022,COE,https://allianceforcoffeeexcellence.org/el-salvador-2022/,2026-09-11,TRUE,Official ACE historical results page
El Salvador,2023,El Salvador 2023,COE,https://allianceforcoffeeexcellence.org/el-salvador-2023/,2026-09-11,TRUE,Official ACE historical results page
El Salvador,2024,El Salvador 2024,COE,https://allianceforcoffeeexcellence.org/el-salvador-2024/,2026-09-11,TRUE,Official ACE historical results page
El Salvador,2025,El Salvador 2025,COE,https://allianceforcoffeeexcellence.org/el-salvador-2025/,2026-09-11,TRUE,Official ACE historical results page
Ethiopia,2020,Ethiopia 2020,COE,https://allianceforcoffeeexcellence.org/ethiopia-2020/,2026-09-11,TRUE,Official ACE historical results page
Ethiopia,2021,Ethiopia 2021,COE,https://allianceforcoffeeexcellence.org/ethiopia-2021/,2026-09-11,TRUE,Official ACE historical results page
Ethiopia,2022,Ethiopia 2022,COE,https://allianceforcoffeeexcellence.org/ethiopia-2022/,2026-09-11,TRUE,Official ACE historical results page
Ethiopia,2024,Ethiopia 2024,COE,https://allianceforcoffeeexcellence.org/ethiopia-2024/,2026-09-11,TRUE,Official ACE historical results page
Guatemala,2001,2001,COE,https://allianceforcoffeeexcellence.org/guatemala-2001/,2026-09-13,TRUE,Official ACE historical results page
Guatemala,2002,2002,COE,https://allianceforcoffeeexcellence.org/guatemala-2002/,2026-09-13,TRUE,Official ACE historical results page
Guatemala,2006,2006,COE,https://allianceforcoffeeexcellence.org/guatemala-2006/,2026-09-13,TRUE,Official ACE historical results page
Guatemala,2007,2007,COE,https://allianceforcoffeeexcellence.org/guatemala-2007/,2026-09-13,TRUE,Official ACE historical results page
Guatemala,2008,2008,COE,https://allianceforcoffeeexcellence.org/guatemala-2008/,2026-09-13,TRUE,Official ACE historical results page
Guatemala,2009,2009,COE,https://allianceforcoffeeexcellence.org/guatemala-2009/,2026-09-13,TRUE,Official ACE historical results page
Guatemala,2010,2010,COE,https://allianceforcoffeeexcellence.org/guatemala-2010/,2026-09-13,TRUE,Official ACE historical results page
Guatemala,2011,2011,COE,https://allianceforcoffeeexcellence.org/guatemala-2011/,2026-09-13,TRUE,Official ACE historical results page
Guatemala,2012,2012,COE,https://allianceforcoffeeexcellence.org/guatemala-2012/,2026-09-13,TRUE,Official ACE historical results page
Guatemala,2013,2013,COE,https://allianceforcoffeeexcellence.org/guatemala-2013/,2026-09-13,TRUE,Official ACE historical results page
Guatemala,2014,2014,COE,https://allianceforcoffeeexcellence.org/guatemala-2014/,2026-09-13,TRUE,Official ACE historical results page
Guatemala,2015,2015,COE,https://allianceforcoffeeexcellence.org/guatemala-2015/,2026-09-13,TRUE,Official ACE historical results page
Guatemala,2016,2016,COE,https://allianceforcoffeeexcellence.org/guatemala-2016/,2026-09-13,TRUE,Official ACE historical results page
Guatemala,2017,2017,COE,https://allianceforcoffeeexcellence.org/guatemala-2017/,2026-09-13,TRUE,Official ACE historical results page
Guatemala,2018,2018,COE,https://allianceforcoffeeexcellence.org/guatemala-2018/,2026-09-13,TRUE,Official ACE historical results page
Guatemala,2019,2019,COE,https://allianceforcoffeeexcellence.org/guatemala-2019/,2026-09-13,TRUE,Official ACE historical results page
Guatemala,2020,Guatemala 2020,COE,https://allianceforcoffeeexcellence.org/guatemala-2020/,2026-09-11,TRUE,Official ACE historical results page
Guatemala,2021,Guatemala 2021,COE,https://allianceforcoffeeexcellence.org/guatemala-2021/,2026-09-11,TRUE,Official ACE historical results page
Guatemala,2022,Guatemala 2022,COE,https://allianceforcoffeeexcellence.org/guatemala-2022/,2026-09-11,TRUE,Official ACE historical results page
Guatemala,2023,Guatemala 2023,COE,https://allianceforcoffeeexcellence.org/guatemala-2023/,2026-09-11,TRUE,Official ACE historical results page
Guatemala,2024,Guatemala 2024,COE,https://allianceforcoffeeexcellence.org/guatemala-2024/,2026-09-11,TRUE,Official ACE historical results page
Guatemala,2025,Guatemala 2025,COE,https://allianceforcoffeeexcellence.org/guatemala-2025/,2026-09-11,TRUE,Official ACE historical results page
Honduras,2004,2004,COE,https://allianceforcoffeeexcellence.org/honduras-2004/,2026-09-13,TRUE,Official ACE historical results page
Honduras,2005,2005,COE,https://allianceforcoffeeexcellence.org/honduras-2005/,2026-09-13,TRUE,Official ACE historical results page
Honduras,2006,2006,COE,https://allianceforcoffeeexcellence.org/honduras-2006/,2026-09-13,TRUE,Official ACE historical results page
Honduras,2007,2007,COE,https://allianceforcoffeeexcellence.org/honduras-2007/,2026-09-13,TRUE,Official ACE historical results page
Honduras,2008,2008,COE,https://allianceforcoffeeexcellence.org/honduras-2008/,2026-09-13,TRUE,Official ACE historical results page
Honduras,2009,2009,COE,https://allianceforcoffeeexcellence.org/honduras-2009/,2026-09-13,TRUE,Official ACE historical results page
Honduras,2010,2010,COE,https://allianceforcoffeeexcellence.org/honduras-2010/,2026-09-13,TRUE,Official ACE historical results page
Honduras,2011,2011,COE,https://allianceforcoffeeexcellence.org/honduras-2011/,2026-09-13,TRUE,Official ACE historical results page
Honduras,2012,2012,COE,https://allianceforcoffeeexcellence.org/honduras-2012/,2026-09-13,TRUE,Official ACE historical results page
Honduras,2013,2013,COE,https://allianceforcoffeeexcellence.org/honduras-2013/,2026-09-13,TRUE,Official ACE historical results page
Honduras,2014,2014,COE,https://allianceforcoffeeexcellence.org/honduras-2014/,2026-09-13,TRUE,Official ACE historical results page
Honduras,2015,2015,COE,https://allianceforcoffeeexcellence.org/honduras-2015/,2026-09-13,TRUE,Official ACE historical results page
Honduras,2016,2016,COE,https://allianceforcoffeeexcellence.org/honduras-2016/,2026-09-13,TRUE,Official ACE historical results page
Honduras,2017,2017,COE,https://allianceforcoffeeexcellence.org/honduras-2017/,2026-09-13,TRUE,Official ACE historical results page
Honduras,2018,2018,COE,https://allianceforcoffeeexcellence.org/honduras-2018/,2026-09-13,TRUE,Official ACE historical results page
Honduras,2019,2019,COE,https://allianceforcoffeeexcellence.org/honduras-2019/,2026-09-13,TRUE,Official ACE historical results page
Honduras,2021,Honduras 2021,COE,https://allianceforcoffeeexcellence.org/honduras-2021/,2026-09-11,TRUE,Official ACE historical results page
Honduras,2022,Honduras 2022,COE,https://allianceforcoffeeexcellence.org/honduras-2022/,2026-09-11,TRUE,Official ACE historical results page
Honduras,2023,Honduras 2023,COE,https://allianceforcoffeeexcellence.org/honduras-2023/,2026-09-11,TRUE,Official ACE historical results page
Honduras,2024,Honduras 2024,COE,https://allianceforcoffeeexcellence.org/honduras-2024/,2026-09-11,TRUE,Official ACE historical results page
Honduras,2025,Honduras 2025,COE,https://allianceforcoffeeexcellence.org/honduras-2025/,2026-09-11,TRUE,Official ACE historical results page
Indonesia,2021,Indonesia 2021,COE,https://allianceforcoffeeexcellence.org/indonesia-2021/,2026-09-11,TRUE,Official ACE historical results page
Indonesia,2022,Indonesia 2022,COE,https://allianceforcoffeeexcellence.org/indonesia-2022/,2026-09-11,TRUE,Official ACE historical results page
Indonesia,2023,Indonesia 2023,COE,https://allianceforcoffeeexcellence.org/indonesia-2023/,2026-09-11,TRUE,Official ACE historical results page
Mexico,2012,2012,COE,https://allianceforcoffeeexcellence.org/mexico-2012/,2026-09-13,TRUE,Official ACE historical results page
Mexico,2013,2013,COE,https://allianceforcoffeeexcellence.org/mexico-2013/,2026-09-13,TRUE,Official ACE historical results page
Mexico,2014,2014,COE,https://allianceforcoffeeexcellence.org/mexico-2014/,2026-09-13,TRUE,Official ACE historical results page
Mexico,2015,2015,COE,https://allianceforcoffeeexcellence.org/mexico-2015/,2026-09-13,TRUE,Official ACE historical results page
Mexico,2017,2017,COE,https://allianceforcoffeeexcellence.org/mexico-2017/,2026-09-13,TRUE,Official ACE historical results page
Mexico,2018,2018,COE,https://allianceforcoffeeexcellence.org/mexico-2018/,2026-09-13,TRUE,Official ACE historical results page
Mexico,2019,2019,COE,https://allianceforcoffeeexcellence.org/mexico-2019/,2026-09-13,TRUE,Official ACE historical results page
Mexico,2021,Mexico 2021,COE,https://allianceforcoffeeexcellence.org/mexico-2021/,2026-09-11,TRUE,Official ACE historical results page
Mexico,2022,Mexico 2022,COE,https://allianceforcoffeeexcellence.org/mexico-2022/,2026-09-11,TRUE,Official ACE historical results page
Mexico,2023,Mexico 2023,COE,https://allianceforcoffeeexcellence.org/mexico-2023/,2026-09-11,TRUE,Official ACE historical results page
Mexico,2024,Mexico 2024,COE,https://allianceforcoffeeexcellence.org/mexico-2024/,2026-09-11,TRUE,Official ACE historical results page
Mexico,2025,Mexico 2025,COE,https://allianceforcoffeeexcellence.org/mexico-2025/,2026-09-11,TRUE,Official ACE historical results page
Nicaragua,2002,2002,COE,https://allianceforcoffeeexcellence.org/nicaragua-2002/,2026-09-13,TRUE,Official ACE historical results page
Nicaragua,2003,2003,COE,https://allianceforcoffeeexcellence.org/nicaragua-2003/,2026-09-13,TRUE,Official ACE historical results page
Nicaragua,2004,2004,COE,https://allianceforcoffeeexcellence.org/nicaragua-2004/,2026-09-13,TRUE,Official ACE historical results page
Nicaragua,2005,2005,COE,https://allianceforcoffeeexcellence.org/nicaragua-2005/,2026-09-13,TRUE,Official ACE historical results page
Nicaragua,2006,2006,COE,https://allianceforcoffeeexcellence.org/nicaragua-2006/,2026-09-13,TRUE,Official ACE historical results page
Nicaragua,2007,2007,COE,https://allianceforcoffeeexcellence.org/nicaragua-2007/,2026-09-13,TRUE,Official ACE historical results page
Nicaragua,2008,2008,COE,https://allianceforcoffeeexcellence.org/nicaragua-2008/,2026-09-13,TRUE,Official ACE historical results page
Nicaragua,2009,2009,COE,https://allianceforcoffeeexcellence.org/nicaragua-2009/,2026-09-13,TRUE,Official ACE historical results page
Nicaragua,2010,2010,COE,https://allianceforcoffeeexcellence.org/nicaragua-2010/,2026-09-13,TRUE,Official ACE historical results page
Nicaragua,2011,2011,COE,https://allianceforcoffeeexcellence.org/nicaragua-2011/,2026-09-13,TRUE,Official ACE historical results page
Nicaragua,2012,2012,COE,https://allianceforcoffeeexcellence.org/nicaragua-2012/,2026-09-13,TRUE,Official ACE historical results page
Nicaragua,2014,2014,COE,https://allianceforcoffeeexcellence.org/nicaragua-2014/,2026-09-13,TRUE,Official ACE historical results page
Nicaragua,2015,2015,COE,https://allianceforcoffeeexcellence.org/nicaragua-2015/,2026-09-13,TRUE,Official ACE historical results page
Nicaragua,2017,2017,COE,https://allianceforcoffeeexcellence.org/nicaragua-2017/,2026-09-13,TRUE,Official ACE historical results page
Nicaragua,2018,2018,COE,https://allianceforcoffeeexcellence.org/nicaragua-2018/,2026-09-13,TRUE,Official ACE historical results page
Nicaragua,2020,Nicaragua 2020,COE,https://allianceforcoffeeexcellence.org/nicaragua-2020/,2026-09-11,TRUE,Official ACE historical results page
Nicaragua,2021,Nicaragua 2021,COE,https://allianceforcoffeeexcellence.org/nicaragua-2021/,2026-09-11,TRUE,Official ACE historical results page
Nicaragua,2022,Nicaragua 2022,COE,https://allianceforcoffeeexcellence.org/nicaragua-2022/,2026-09-11,TRUE,Official ACE historical results page
Nicaragua,2023,Nicaragua 2023,COE,https://allianceforcoffeeexcellence.org/nicaragua-2023/,2026-09-11,TRUE,Official ACE historical results page
Nicaragua,2024,Nicaragua 2024,COE,https://allianceforcoffeeexcellence.org/nicaragua-2024/,2026-09-11,TRUE,Official ACE historical results page
Nicaragua,2025,Nicaragua 2025,COE,https://allianceforcoffeeexcellence.org/nicaragua-2025/,2026-09-11,TRUE,Official ACE historical results page
Peru,2017,2017,COE,https://allianceforcoffeeexcellence.org/peru-2017/,2026-09-13,TRUE,Official ACE historical results page
Peru,2018,2018,COE,https://allianceforcoffeeexcellence.org/peru-2018/,2026-09-13,TRUE,Official ACE historical results page
Peru,2019,2019,COE,https://allianceforcoffeeexcellence.org/peru-2019/,2026-09-13,TRUE,Official ACE historical results page
Peru,2020,Peru 2020,COE,https://allianceforcoffeeexcellence.org/peru-2020/,2026-09-11,TRUE,Official ACE historical results page
Peru,2021,Peru 2021,COE,https://allianceforcoffeeexcellence.org/peru-2021/,2026-09-11,TRUE,Official ACE historical results page
Peru,2022,Peru 2022,COE,https://allianceforcoffeeexcellence.org/peru-2022/,2026-09-11,TRUE,Official ACE historical results page
Peru,2023,Peru 2023,COE,https://allianceforcoffeeexcellence.org/peru-2023/,2026-09-11,TRUE,Official ACE historical results page
Peru,2024,Peru 2024,COE,https://allianceforcoffeeexcellence.org/peru-2024/,2026-09-11,TRUE,Official ACE historical results page
Peru,2025,Peru 2025,COE,https://allianceforcoffeeexcellence.org/peru-2025/,2026-09-11,TRUE,Official ACE historical results page
Rwanda,2008,2008,COE,https://allianceforcoffeeexcellence.org/rwanda-2008/,2026-09-13,TRUE,Official ACE historical results page
Rwanda,2010,2010,COE,https://allianceforcoffeeexcellence.org/rwanda-2010/,2026-09-13,TRUE,Official ACE historical results page
Rwanda,2011,2011,COE,https://allianceforcoffeeexcellence.org/rwanda-2011/,2026-09-13,TRUE,Official ACE historical results page
Rwanda,2012,2012,COE,https://allianceforcoffeeexcellence.org/rwanda-2012/,2026-09-13,TRUE,Official ACE historical results page
Rwanda,2013,2013,COE,https://allianceforcoffeeexcellence.org/rwanda-2013/,2026-09-13,TRUE,Official ACE historical results page
Rwanda,2014,2014,COE,https://allianceforcoffeeexcellence.org/rwanda-2014/,2026-09-13,TRUE,Official ACE historical results page
Rwanda,2015,2015,COE,https://allianceforcoffeeexcellence.org/rwanda-2015/,2026-09-13,TRUE,Official ACE historical results page
Rwanda,2018,2018,COE,https://allianceforcoffeeexcellence.org/rwanda-2018/,2026-09-13,TRUE,Official ACE historical results page
Taiwan,2024,Taiwan 2024,COE,https://allianceforcoffeeexcellence.org/taiwan-2024/,2026-09-11,TRUE,Official ACE historical results page
Taiwan,2025,Taiwan 2025,COE,https://allianceforcoffeeexcellence.org/taiwan-2025/,2026-09-11,TRUE,Official ACE historical results page
Thailand,2022,Thailand 2022,pilot,https://allianceforcoffeeexcellence.org/thailand-2022/,2026-09-11,TRUE,Official ACE historical results page
Thailand,2023,Thailand 2023,COE,https://allianceforcoffeeexcellence.org/thailand-2023/,2026-09-11,TRUE,Official ACE historical results page
Thailand,2024,Thailand 2024,COE,https://allianceforcoffeeexcellence.org/thailand-2024/,2026-09-11,TRUE,Official ACE historical results page
Thailand,2025,Thailand 2025,COE,https://allianceforcoffeeexcellence.org/thailand-2025/,2026-09-11,TRUE,Official ACE historical results page
