event_id,event_name,event_type,country,year,program,process_family,entries,total_entries,reported_entries,share_all,share_reported,coverage_rate
86f5fadc62969c5f,2004,COE,Bolivia,2004,COE,Not reported,13,13,0,1,NA,0
cbe3c4b09a54bec0,2005,COE,Bolivia,2005,COE,Not reported,19,19,0,1,NA,0
344ddab608c8d8c8,2007,COE,Bolivia,2007,COE,Not reported,26,26,0,1,NA,0
6646acbd1638b6ee,2008,COE,Bolivia,2008,COE,Not reported,29,29,0,1,NA,0
41c894e8f5792c14,2009,COE,Bolivia,2009,COE,Not reported,30,30,0,1,NA,0
9f945028bafe640f,1999,COE Pulped Natural,Brazil,1999,COE,Honey / pulped natural,10,10,10,1,1,1
5b0c683a06c2fd21,2000,COE Pulped Natural,Brazil,2000,COE,Honey / pulped natural,18,18,18,1,1,1
e2acf27cd7656ef2,2001,COE Pulped Natural,Brazil,2001,COE,Honey / pulped natural,18,18,18,1,1,1
6380da67582687f1,2002,COE Pulped Natural,Brazil,2002,COE,Honey / pulped natural,28,28,28,1,1,1
ab20ca6fa71477c3,2003,COE Pulped Natural,Brazil,2003,COE,Honey / pulped natural,43,43,43,1,1,1
e36d63fff8523cfb,2004,COE Pulped Natural,Brazil,2004,COE,Honey / pulped natural,36,36,36,1,1,1
a2287dd141a2aa33,2005,COE Pulped Natural,Brazil,2005,COE,Honey / pulped natural,36,36,36,1,1,1
c8752ceee8bb53f1,2006,COE Pulped Natural,Brazil,2006,COE,Honey / pulped natural,28,28,28,1,1,1
44619d3e719c99ef,2008,COE Pulped Natural,Brazil,2008,COE,Honey / pulped natural,23,23,23,1,1,1
11b46c35400dc616,2009,COE Pulped Natural,Brazil,2009,COE,Honey / pulped natural,26,26,26,1,1,1
6dc5bb1377bf2317,2011,COE Pulped Natural,Brazil,2011,COE,Honey / pulped natural,31,31,31,1,1,1
90ce520eb2b1c7b3,2012,COE Pulped Natural,Brazil,2012,COE,Honey / pulped natural,24,24,24,1,1,1
97486e2f1c2df951,2012,COE Natural,Brazil,2012,COE,Natural,18,18,18,1,1,1
81ba66b9c2fe1d13,2013,COE Natural,Brazil,2013,COE,Natural,21,21,21,1,1,1
bc80a53b61b50b1c,2013,COE Pulped Natural,Brazil,2013,COE,Honey / pulped natural,27,27,27,1,1,1
208d8a119b3fcd68,2014,COE Pulped Natural,Brazil,2014,COE,Honey / pulped natural,21,21,21,1,1,1
8783a594e2c5082b,2014,COE Natural,Brazil,2014,COE,Natural,21,21,21,1,1,1
101c33c318834c3a,2015 January,COE Natural,Brazil,2015,COE,Natural,21,21,21,1,1,1
b2252d20dd28d7dd,2015,COE Pulped Natural,Brazil,2015,COE,Honey / pulped natural,21,21,21,1,1,1
e27e0f7c702fa71e,2015 December,COE Natural,Brazil,2015,COE,Natural,29,29,29,1,1,1
29ce078048b6ca5a,2016,COE Pulped Natural,Brazil,2016,COE,Honey / pulped natural,24,24,24,1,1,1
f57a799e620edb5c,2016,COE Natural,Brazil,2016,COE,Natural,19,19,19,1,1,1
38b2d2e3c7e71d0f,2017,COE Pulped Natural,Brazil,2017,COE,Honey / pulped natural,24,24,24,1,1,1
7ba223eeaf3a9cb7,2017,COE Natural,Brazil,2017,COE,Natural,32,32,32,1,1,1
56f3d93e6d53724a,2018,COE Natural,Brazil,2018,COE,Natural,37,37,37,1,1,1
d1543b65c7f3dffe,2018,COE Pulped Natural,Brazil,2018,COE,Honey / pulped natural,30,30,30,1,1,1
58d0dda26a0c47c5,2019,COE,Brazil,2019,COE,Experimental,2,27,27,0.07407407407407407,0.07407407407407407,1
58d0dda26a0c47c5,2019,COE,Brazil,2019,COE,Honey / pulped natural,9,27,27,0.3333333333333333,0.3333333333333333,1
58d0dda26a0c47c5,2019,COE,Brazil,2019,COE,Natural,16,27,27,0.5925925925925926,0.5925925925925926,1
f8c00d6b60400117,Brazil 2021,COE,Brazil,2021,COE,Honey / pulped natural,13,29,29,0.4482758620689655,0.4482758620689655,1
f8c00d6b60400117,Brazil 2021,COE,Brazil,2021,COE,Natural,14,29,29,0.4827586206896552,0.4827586206896552,1
f8c00d6b60400117,Brazil 2021,COE,Brazil,2021,COE,Washed,2,29,29,0.06896551724137931,0.06896551724137931,1
374bae6a9cdc8d6c,Brazil 2022,COE,Brazil,2022,COE,Honey / pulped natural,8,24,24,0.3333333333333333,0.3333333333333333,1
374bae6a9cdc8d6c,Brazil 2022,COE,Brazil,2022,COE,Natural,16,24,24,0.6666666666666666,0.6666666666666666,1
5690e5dd7b7859d2,Brazil 2023,COE,Brazil,2023,COE,Experimental,10,30,30,0.3333333333333333,0.3333333333333333,1
5690e5dd7b7859d2,Brazil 2023,COE,Brazil,2023,COE,Honey / pulped natural,9,30,30,0.3,0.3,1
5690e5dd7b7859d2,Brazil 2023,COE,Brazil,2023,COE,Natural,10,30,30,0.3333333333333333,0.3333333333333333,1
5690e5dd7b7859d2,Brazil 2023,COE,Brazil,2023,COE,Washed,1,30,30,0.03333333333333333,0.03333333333333333,1
8f910a10a522a6e4,Brazil 2024,COE,Brazil,2024,COE,Experimental,7,27,27,0.25925925925925924,0.25925925925925924,1
8f910a10a522a6e4,Brazil 2024,COE,Brazil,2024,COE,Honey / pulped natural,10,27,27,0.37037037037037035,0.37037037037037035,1
8f910a10a522a6e4,Brazil 2024,COE,Brazil,2024,COE,Natural,10,27,27,0.37037037037037035,0.37037037037037035,1
8f910a10a522a6e4,Brazil 2024,COE,Brazil,2024,NW,Experimental,1,8,8,0.125,0.125,1
8f910a10a522a6e4,Brazil 2024,COE,Brazil,2024,NW,Honey / pulped natural,3,8,8,0.375,0.375,1
8f910a10a522a6e4,Brazil 2024,COE,Brazil,2024,NW,Natural,4,8,8,0.5,0.5,1
4d450701ea8feb17,Brazil 2025,COE,Brazil,2025,COE,Experimental,10,30,30,0.3333333333333333,0.3333333333333333,1
4d450701ea8feb17,Brazil 2025,COE,Brazil,2025,COE,Honey / pulped natural,9,30,30,0.3,0.3,1
4d450701ea8feb17,Brazil 2025,COE,Brazil,2025,COE,Natural,10,30,30,0.3333333333333333,0.3333333333333333,1
4d450701ea8feb17,Brazil 2025,COE,Brazil,2025,COE,Washed,1,30,30,0.03333333333333333,0.03333333333333333,1
4d450701ea8feb17,Brazil 2025,COE,Brazil,2025,NW,Experimental,4,9,9,0.4444444444444444,0.4444444444444444,1
4d450701ea8feb17,Brazil 2025,COE,Brazil,2025,NW,Honey / pulped natural,1,9,9,0.1111111111111111,0.1111111111111111,1
4d450701ea8feb17,Brazil 2025,COE,Brazil,2025,NW,Natural,3,9,9,0.3333333333333333,0.3333333333333333,1
4d450701ea8feb17,Brazil 2025,COE,Brazil,2025,NW,Washed,1,9,9,0.1111111111111111,0.1111111111111111,1
616f537ef2678bf7,2012,COE,Burundi,2012,COE,Not reported,17,17,0,1,NA,0
a788c4997f41e4fb,2013,COE,Burundi,2013,COE,Not reported,14,14,0,1,NA,0
f142488b1549196e,2014,COE,Burundi,2014,COE,Not reported,27,27,0,1,NA,0
df2a0030ea37d2c1,2015,COE,Burundi,2015,COE,Not reported,24,24,0,1,NA,0
bc5c1e38d691c08b,2017,COE,Burundi,2017,COE,Not reported,23,23,0,1,NA,0
6125b41b95ca5561,2018,COE,Burundi,2018,COE,Washed,29,29,29,1,1,1
5add2920159e49b6,2019,COE,Burundi,2019,COE,Natural,2,23,23,0.08695652173913043,0.08695652173913043,1
5add2920159e49b6,2019,COE,Burundi,2019,COE,Washed,21,23,23,0.9130434782608695,0.9130434782608695,1
924c6ccd256e3867,2005 North,COE regional,Colombia,2005,COE,Not reported,25,25,0,1,NA,0
977c3d13e69fd1a0,2005 South,COE regional,Colombia,2005,COE,Not reported,33,33,0,1,NA,0
7887cd6f3b2c4612,2006 North,COE regional,Colombia,2006,COE,Not reported,23,23,0,1,NA,0
cbf7cef16e2f2288,2006 South,COE regional,Colombia,2006,COE,Not reported,30,30,0,1,NA,0
30131012ffca0563,2007 North,COE regional,Colombia,2007,COE,Not reported,30,30,0,1,NA,0
e91a6326be6cc6dc,2008 South,COE regional,Colombia,2008,COE,Not reported,18,18,0,1,NA,0
7e63f3505a9fd29f,2009 North,COE regional,Colombia,2009,COE,Not reported,27,27,0,1,NA,0
d499fbd326fc6ee9,2010 South,COE regional,Colombia,2010,COE,Not reported,21,21,0,1,NA,0
7ee7c9627e3a94bd,2011 North,COE regional,Colombia,2011,COE,Not reported,22,22,0,1,NA,0
d097a68f0a5eff0b,2012 South,COE regional,Colombia,2012,COE,Not reported,30,30,0,1,NA,0
8ba1050b3deba653,2013 North,COE regional,Colombia,2013,COE,Not reported,20,20,0,1,NA,0
f1e54b3b5ca863aa,2014 South,COE regional,Colombia,2014,COE,Not reported,28,28,0,1,NA,0
e3ee4b83024a8fdc,2015 North,COE regional,Colombia,2015,COE,Not reported,28,28,0,1,NA,0
cb99a98e8f70e864,2017,COE,Colombia,2017,COE,Not reported,30,30,0,1,NA,0
05dea4f9ef49cf00,2018,COE,Colombia,2018,COE,Experimental,1,27,27,0.037037037037037035,0.037037037037037035,1
05dea4f9ef49cf00,2018,COE,Colombia,2018,COE,Honey / pulped natural,3,27,27,0.1111111111111111,0.1111111111111111,1
05dea4f9ef49cf00,2018,COE,Colombia,2018,COE,Washed,23,27,27,0.8518518518518519,0.8518518518518519,1
378b15a9f8e37b92,2019 North,COE regional,Colombia,2019,COE,Experimental,2,29,29,0.06896551724137931,0.06896551724137931,1
378b15a9f8e37b92,2019 North,COE regional,Colombia,2019,COE,Honey / pulped natural,2,29,29,0.06896551724137931,0.06896551724137931,1
378b15a9f8e37b92,2019 North,COE regional,Colombia,2019,COE,Natural,4,29,29,0.13793103448275862,0.13793103448275862,1
378b15a9f8e37b92,2019 North,COE regional,Colombia,2019,COE,Washed,21,29,29,0.7241379310344828,0.7241379310344828,1
8ec9c5ddcac94e33,Colombia 2021,COE,Colombia,2021,COE,Experimental,4,23,23,0.17391304347826086,0.17391304347826086,1
8ec9c5ddcac94e33,Colombia 2021,COE,Colombia,2021,COE,Honey / pulped natural,2,23,23,0.08695652173913043,0.08695652173913043,1
8ec9c5ddcac94e33,Colombia 2021,COE,Colombia,2021,COE,Natural,4,23,23,0.17391304347826086,0.17391304347826086,1
8ec9c5ddcac94e33,Colombia 2021,COE,Colombia,2021,COE,Washed,13,23,23,0.5652173913043478,0.5652173913043478,1
ed9a6c81f8e5fb94,Colombia 2022,COE,Colombia,2022,COE,Experimental,3,22,22,0.13636363636363635,0.13636363636363635,1
ed9a6c81f8e5fb94,Colombia 2022,COE,Colombia,2022,COE,Honey / pulped natural,2,22,22,0.09090909090909091,0.09090909090909091,1
ed9a6c81f8e5fb94,Colombia 2022,COE,Colombia,2022,COE,Natural,4,22,22,0.18181818181818182,0.18181818181818182,1
ed9a6c81f8e5fb94,Colombia 2022,COE,Colombia,2022,COE,Washed,13,22,22,0.5909090909090909,0.5909090909090909,1
20a6b645aa948554,Colombia 2023,COE,Colombia,2023,COE,Experimental,6,28,28,0.21428571428571427,0.21428571428571427,1
20a6b645aa948554,Colombia 2023,COE,Colombia,2023,COE,Honey / pulped natural,6,28,28,0.21428571428571427,0.21428571428571427,1
20a6b645aa948554,Colombia 2023,COE,Colombia,2023,COE,Natural,2,28,28,0.07142857142857142,0.07142857142857142,1
20a6b645aa948554,Colombia 2023,COE,Colombia,2023,COE,Washed,14,28,28,0.5,0.5,1
efb2f39d90f46af8,2007,COE,Costa Rica,2007,COE,Not reported,25,25,0,1,NA,0
39c4de609fc7f6d0,2008,COE,Costa Rica,2008,COE,Not reported,30,30,0,1,NA,0
c5f2e2e30775dfe7,2009,COE,Costa Rica,2009,COE,Not reported,24,24,0,1,NA,0
1105bfdd52f0c6fb,2011,COE,Costa Rica,2011,COE,Not reported,31,31,0,1,NA,0
44540f168407c8ad,2012,COE,Costa Rica,2012,COE,Not reported,27,27,0,1,NA,0
d144777157aa3439,2013,COE,Costa Rica,2013,COE,Not reported,22,22,0,1,NA,0
b762b1a91ef82ae0,2014,COE,Costa Rica,2014,COE,Not reported,24,24,0,1,NA,0
56e67cb59fb81745,2015,COE,Costa Rica,2015,COE,Not reported,35,35,0,1,NA,0
dec3b623fc3b102d,2016,COE,Costa Rica,2016,COE,Not reported,21,21,0,1,NA,0
86196d6e98565c85,2017,COE,Costa Rica,2017,COE,Not reported,29,29,0,1,NA,0
3f6557f6d36b2162,2018,COE,Costa Rica,2018,COE,Experimental,2,36,36,0.05555555555555555,0.05555555555555555,1
3f6557f6d36b2162,2018,COE,Costa Rica,2018,COE,Honey / pulped natural,18,36,36,0.5,0.5,1
3f6557f6d36b2162,2018,COE,Costa Rica,2018,COE,Natural,9,36,36,0.25,0.25,1
3f6557f6d36b2162,2018,COE,Costa Rica,2018,COE,Washed,7,36,36,0.19444444444444445,0.19444444444444445,1
ce40b6a6738bbb99,2019,COE,Costa Rica,2019,COE,Experimental,3,28,28,0.10714285714285714,0.10714285714285714,1
ce40b6a6738bbb99,2019,COE,Costa Rica,2019,COE,Honey / pulped natural,15,28,28,0.5357142857142857,0.5357142857142857,1
ce40b6a6738bbb99,2019,COE,Costa Rica,2019,COE,Natural,7,28,28,0.25,0.25,1
ce40b6a6738bbb99,2019,COE,Costa Rica,2019,COE,Washed,3,28,28,0.10714285714285714,0.10714285714285714,1
33788018ae7fb5b7,Costa Rica 2021,COE,Costa Rica,2021,COE,Experimental,5,30,30,0.16666666666666666,0.16666666666666666,1
33788018ae7fb5b7,Costa Rica 2021,COE,Costa Rica,2021,COE,Honey / pulped natural,12,30,30,0.4,0.4,1
33788018ae7fb5b7,Costa Rica 2021,COE,Costa Rica,2021,COE,Natural,7,30,30,0.23333333333333334,0.23333333333333334,1
33788018ae7fb5b7,Costa Rica 2021,COE,Costa Rica,2021,COE,Washed,6,30,30,0.2,0.2,1
deeed450e36aab5d,Costa Rica 2022,COE,Costa Rica,2022,COE,Experimental,5,22,22,0.22727272727272727,0.22727272727272727,1
deeed450e36aab5d,Costa Rica 2022,COE,Costa Rica,2022,COE,Honey / pulped natural,8,22,22,0.36363636363636365,0.36363636363636365,1
deeed450e36aab5d,Costa Rica 2022,COE,Costa Rica,2022,COE,Natural,4,22,22,0.18181818181818182,0.18181818181818182,1
deeed450e36aab5d,Costa Rica 2022,COE,Costa Rica,2022,COE,Washed,5,22,22,0.22727272727272727,0.22727272727272727,1
b049d78ce4ab573e,Costa Rica 2023,COE,Costa Rica,2023,COE,Experimental,6,30,30,0.2,0.2,1
b049d78ce4ab573e,Costa Rica 2023,COE,Costa Rica,2023,COE,Honey / pulped natural,7,30,30,0.23333333333333334,0.23333333333333334,1
b049d78ce4ab573e,Costa Rica 2023,COE,Costa Rica,2023,COE,Natural,11,30,30,0.36666666666666664,0.36666666666666664,1
b049d78ce4ab573e,Costa Rica 2023,COE,Costa Rica,2023,COE,Washed,6,30,30,0.2,0.2,1
183f05090c9a1140,Costa Rica 2024,COE,Costa Rica,2024,COE,Experimental,6,30,30,0.2,0.2,1
183f05090c9a1140,Costa Rica 2024,COE,Costa Rica,2024,COE,Honey / pulped natural,10,30,30,0.3333333333333333,0.3333333333333333,1
183f05090c9a1140,Costa Rica 2024,COE,Costa Rica,2024,COE,Natural,6,30,30,0.2,0.2,1
183f05090c9a1140,Costa Rica 2024,COE,Costa Rica,2024,COE,Washed,8,30,30,0.26666666666666666,0.26666666666666666,1
183f05090c9a1140,Costa Rica 2024,COE,Costa Rica,2024,NW,Natural,1,1,1,1,1,1
563b2176a64e6691,Costa Rica 2025,COE,Costa Rica,2025,COE,Experimental,10,30,30,0.3333333333333333,0.3333333333333333,1
563b2176a64e6691,Costa Rica 2025,COE,Costa Rica,2025,COE,Honey / pulped natural,4,30,30,0.13333333333333333,0.13333333333333333,1
563b2176a64e6691,Costa Rica 2025,COE,Costa Rica,2025,COE,Natural,6,30,30,0.2,0.2,1
563b2176a64e6691,Costa Rica 2025,COE,Costa Rica,2025,COE,Washed,10,30,30,0.3333333333333333,0.3333333333333333,1
c70d21b6380ff8fc,Ecuador 2021,COE,Ecuador,2021,COE,Experimental,2,23,23,0.08695652173913043,0.08695652173913043,1
c70d21b6380ff8fc,Ecuador 2021,COE,Ecuador,2021,COE,Honey / pulped natural,6,23,23,0.2608695652173913,0.2608695652173913,1
c70d21b6380ff8fc,Ecuador 2021,COE,Ecuador,2021,COE,Natural,3,23,23,0.13043478260869565,0.13043478260869565,1
c70d21b6380ff8fc,Ecuador 2021,COE,Ecuador,2021,COE,Washed,12,23,23,0.5217391304347826,0.5217391304347826,1
932be81913d4d6cc,Ecuador 2022,COE,Ecuador,2022,COE,Experimental,8,18,18,0.4444444444444444,0.4444444444444444,1
932be81913d4d6cc,Ecuador 2022,COE,Ecuador,2022,COE,Honey / pulped natural,1,18,18,0.05555555555555555,0.05555555555555555,1
932be81913d4d6cc,Ecuador 2022,COE,Ecuador,2022,COE,Natural,4,18,18,0.2222222222222222,0.2222222222222222,1
932be81913d4d6cc,Ecuador 2022,COE,Ecuador,2022,COE,Washed,5,18,18,0.2777777777777778,0.2777777777777778,1
5a4325fd738bec15,Ecuador 2023,COE,Ecuador,2023,COE,Experimental,8,16,16,0.5,0.5,1
5a4325fd738bec15,Ecuador 2023,COE,Ecuador,2023,COE,Natural,3,16,16,0.1875,0.1875,1
5a4325fd738bec15,Ecuador 2023,COE,Ecuador,2023,COE,Washed,5,16,16,0.3125,0.3125,1
9b39103db61369e1,2003,COE,El Salvador,2003,COE,Not reported,31,31,0,1,NA,0
f59277b5e64c2ec4,2004,COE,El Salvador,2004,COE,Not reported,35,35,0,1,NA,0
a4ff42ee1c56fcb6,2005,COE,El Salvador,2005,COE,Not reported,17,17,0,1,NA,0
ada629ce75da8ae0,2006,COE,El Salvador,2006,COE,Not reported,23,23,0,1,NA,0
7596cdc55b1b13b7,2007,COE,El Salvador,2007,COE,Not reported,23,23,0,1,NA,0
6b9d377e893fb5d8,2008,COE,El Salvador,2008,COE,Not reported,36,36,0,1,NA,0
3d618d74f19c5393,2009,COE,El Salvador,2009,COE,Not reported,33,33,0,1,NA,0
27f98df4f5c3dba9,2010,COE,El Salvador,2010,COE,Not reported,30,30,0,1,NA,0
236a55b8dc898b6b,2011,COE,El Salvador,2011,COE,Not reported,42,42,0,1,NA,0
eba617e4fe8e52b9,2012,COE,El Salvador,2012,COE,Not reported,28,28,0,1,NA,0
7294b6371afc8507,2013,COE,El Salvador,2013,COE,Not reported,25,25,0,1,NA,0
558daec13f90276f,2014,COE,El Salvador,2014,COE,Not reported,29,29,0,1,NA,0
07530078211d9a65,2015,COE,El Salvador,2015,COE,Not reported,26,26,0,1,NA,0
0c50203e4ea9e6e7,2017,COE,El Salvador,2017,COE,Not reported,24,24,0,1,NA,0
265090fe20b129cd,2018,COE,El Salvador,2018,COE,Honey / pulped natural,13,38,38,0.34210526315789475,0.34210526315789475,1
265090fe20b129cd,2018,COE,El Salvador,2018,COE,Natural,13,38,38,0.34210526315789475,0.34210526315789475,1
265090fe20b129cd,2018,COE,El Salvador,2018,COE,Washed,12,38,38,0.3157894736842105,0.3157894736842105,1
648ba67dc99a9346,2019,COE,El Salvador,2019,COE,Experimental,1,25,25,0.04,0.04,1
648ba67dc99a9346,2019,COE,El Salvador,2019,COE,Honey / pulped natural,9,25,25,0.36,0.36,1
648ba67dc99a9346,2019,COE,El Salvador,2019,COE,Natural,8,25,25,0.32,0.32,1
648ba67dc99a9346,2019,COE,El Salvador,2019,COE,Washed,7,25,25,0.28,0.28,1
f52a7809bb1fd00e,El Salvador 2021,COE,El Salvador,2021,COE,Experimental,2,24,24,0.08333333333333333,0.08333333333333333,1
f52a7809bb1fd00e,El Salvador 2021,COE,El Salvador,2021,COE,Honey / pulped natural,6,24,24,0.25,0.25,1
f52a7809bb1fd00e,El Salvador 2021,COE,El Salvador,2021,COE,Natural,12,24,24,0.5,0.5,1
f52a7809bb1fd00e,El Salvador 2021,COE,El Salvador,2021,COE,Washed,4,24,24,0.16666666666666666,0.16666666666666666,1
033b9c6652fed90f,El Salvador 2022,COE,El Salvador,2022,COE,Experimental,3,27,27,0.1111111111111111,0.1111111111111111,1
033b9c6652fed90f,El Salvador 2022,COE,El Salvador,2022,COE,Honey / pulped natural,2,27,27,0.07407407407407407,0.07407407407407407,1
033b9c6652fed90f,El Salvador 2022,COE,El Salvador,2022,COE,Natural,17,27,27,0.6296296296296297,0.6296296296296297,1
033b9c6652fed90f,El Salvador 2022,COE,El Salvador,2022,COE,Washed,5,27,27,0.18518518518518517,0.18518518518518517,1
c991847a22ff1716,El Salvador 2023,COE,El Salvador,2023,COE,Experimental,12,30,30,0.4,0.4,1
c991847a22ff1716,El Salvador 2023,COE,El Salvador,2023,COE,Honey / pulped natural,4,30,30,0.13333333333333333,0.13333333333333333,1
c991847a22ff1716,El Salvador 2023,COE,El Salvador,2023,COE,Natural,11,30,30,0.36666666666666664,0.36666666666666664,1
c991847a22ff1716,El Salvador 2023,COE,El Salvador,2023,COE,Washed,3,30,30,0.1,0.1,1
36f7881408411ac3,El Salvador 2024,COE,El Salvador,2024,COE,Experimental,12,30,30,0.4,0.4,1
36f7881408411ac3,El Salvador 2024,COE,El Salvador,2024,COE,Honey / pulped natural,5,30,30,0.16666666666666666,0.16666666666666666,1
36f7881408411ac3,El Salvador 2024,COE,El Salvador,2024,COE,Natural,10,30,30,0.3333333333333333,0.3333333333333333,1
36f7881408411ac3,El Salvador 2024,COE,El Salvador,2024,COE,Washed,3,30,30,0.1,0.1,1
36f7881408411ac3,El Salvador 2024,COE,El Salvador,2024,NW,Experimental,1,3,3,0.3333333333333333,0.3333333333333333,1
36f7881408411ac3,El Salvador 2024,COE,El Salvador,2024,NW,Natural,2,3,3,0.6666666666666666,0.6666666666666666,1
4f4bfa360131e53c,El Salvador 2025,COE,El Salvador,2025,COE,Experimental,9,29,29,0.3103448275862069,0.3103448275862069,1
4f4bfa360131e53c,El Salvador 2025,COE,El Salvador,2025,COE,Honey / pulped natural,4,29,29,0.13793103448275862,0.13793103448275862,1
4f4bfa360131e53c,El Salvador 2025,COE,El Salvador,2025,COE,Natural,12,29,29,0.41379310344827586,0.41379310344827586,1
4f4bfa360131e53c,El Salvador 2025,COE,El Salvador,2025,COE,Washed,4,29,29,0.13793103448275862,0.13793103448275862,1
2b2f8fc82c5e8056,Ethiopia 2021,COE,Ethiopia,2021,COE,Experimental,6,30,30,0.2,0.2,1
2b2f8fc82c5e8056,Ethiopia 2021,COE,Ethiopia,2021,COE,Honey / pulped natural,1,30,30,0.03333333333333333,0.03333333333333333,1
2b2f8fc82c5e8056,Ethiopia 2021,COE,Ethiopia,2021,COE,Natural,22,30,30,0.7333333333333333,0.7333333333333333,1
2b2f8fc82c5e8056,Ethiopia 2021,COE,Ethiopia,2021,COE,Washed,1,30,30,0.03333333333333333,0.03333333333333333,1
4ddbb0cda233441d,Ethiopia 2022,COE,Ethiopia,2022,COE,Experimental,3,30,30,0.1,0.1,1
4ddbb0cda233441d,Ethiopia 2022,COE,Ethiopia,2022,COE,Natural,26,30,30,0.8666666666666667,0.8666666666666667,1
4ddbb0cda233441d,Ethiopia 2022,COE,Ethiopia,2022,COE,Washed,1,30,30,0.03333333333333333,0.03333333333333333,1
27e30bcdac0c444c,Ethiopia 2024,COE,Ethiopia,2024,COE,Natural,27,27,27,1,1,1
27e30bcdac0c444c,Ethiopia 2024,COE,Ethiopia,2024,NW,Natural,13,13,13,1,1,1
e38c7393edb1fc36,2002,COE,Guatemala,2002,COE,Not reported,33,33,0,1,NA,0
becb5d5a8d06e2c4,2006,COE,Guatemala,2006,COE,Not reported,25,25,0,1,NA,0
4891a599b8c371e3,2007,COE,Guatemala,2007,COE,Not reported,19,19,0,1,NA,0
a17342050c271e78,2008,COE,Guatemala,2008,COE,Not reported,25,25,0,1,NA,0
e3acd98cde143171,2009,COE,Guatemala,2009,COE,Not reported,23,23,0,1,NA,0
3658e3cf0f8b901b,2010,COE,Guatemala,2010,COE,Not reported,28,28,0,1,NA,0
5128a3c5edf58a16,2011,COE,Guatemala,2011,COE,Not reported,29,29,0,1,NA,0
09d57f1b6eace9c6,2012,COE,Guatemala,2012,COE,Not reported,23,23,0,1,NA,0
4f643bafa11775bd,2013,COE,Guatemala,2013,COE,Not reported,20,20,0,1,NA,0
4b1d2194122da044,2014,COE,Guatemala,2014,COE,Not reported,22,22,0,1,NA,0
49d1caf44685b143,2015,COE,Guatemala,2015,COE,Not reported,23,23,0,1,NA,0
8191f8204aa713fa,2016,COE,Guatemala,2016,COE,Not reported,17,17,0,1,NA,0
07a149006df074a2,2017,COE,Guatemala,2017,COE,Not reported,28,28,0,1,NA,0
04cf157e5060655a,2018,COE,Guatemala,2018,COE,Honey / pulped natural,4,34,34,0.11764705882352941,0.11764705882352941,1
04cf157e5060655a,2018,COE,Guatemala,2018,COE,Natural,6,34,34,0.17647058823529413,0.17647058823529413,1
04cf157e5060655a,2018,COE,Guatemala,2018,COE,Washed,24,34,34,0.7058823529411765,0.7058823529411765,1
94e0f75eb8b007ec,2019,COE,Guatemala,2019,COE,Natural,3,20,20,0.15,0.15,1
94e0f75eb8b007ec,2019,COE,Guatemala,2019,COE,Washed,17,20,20,0.85,0.85,1
e027de3eaca1fdbe,Guatemala 2021,COE,Guatemala,2021,COE,Experimental,4,28,28,0.14285714285714285,0.14285714285714285,1
e027de3eaca1fdbe,Guatemala 2021,COE,Guatemala,2021,COE,Natural,8,28,28,0.2857142857142857,0.2857142857142857,1
e027de3eaca1fdbe,Guatemala 2021,COE,Guatemala,2021,COE,Washed,16,28,28,0.5714285714285714,0.5714285714285714,1
8f48007819e94a7e,Guatemala 2022,COE,Guatemala,2022,COE,Honey / pulped natural,3,30,30,0.1,0.1,1
8f48007819e94a7e,Guatemala 2022,COE,Guatemala,2022,COE,Natural,11,30,30,0.36666666666666664,0.36666666666666664,1
8f48007819e94a7e,Guatemala 2022,COE,Guatemala,2022,COE,Washed,16,30,30,0.5333333333333333,0.5333333333333333,1
7271aa2d4ce78a13,Guatemala 2023,COE,Guatemala,2023,COE,Honey / pulped natural,1,28,28,0.03571428571428571,0.03571428571428571,1
7271aa2d4ce78a13,Guatemala 2023,COE,Guatemala,2023,COE,Natural,7,28,28,0.25,0.25,1
7271aa2d4ce78a13,Guatemala 2023,COE,Guatemala,2023,COE,Washed,20,28,28,0.7142857142857143,0.7142857142857143,1
a888e8977fcf5201,Guatemala 2024,COE,Guatemala,2024,COE,Honey / pulped natural,3,28,28,0.10714285714285714,0.10714285714285714,1
a888e8977fcf5201,Guatemala 2024,COE,Guatemala,2024,COE,Natural,9,28,28,0.32142857142857145,0.32142857142857145,1
a888e8977fcf5201,Guatemala 2024,COE,Guatemala,2024,COE,Washed,16,28,28,0.5714285714285714,0.5714285714285714,1
a888e8977fcf5201,Guatemala 2024,COE,Guatemala,2024,NW,Natural,3,3,3,1,1,1
b0fc9afec2b36341,Guatemala 2025,COE,Guatemala,2025,COE,Honey / pulped natural,2,30,30,0.06666666666666667,0.06666666666666667,1
b0fc9afec2b36341,Guatemala 2025,COE,Guatemala,2025,COE,Natural,11,30,30,0.36666666666666664,0.36666666666666664,1
b0fc9afec2b36341,Guatemala 2025,COE,Guatemala,2025,COE,Washed,17,30,30,0.5666666666666667,0.5666666666666667,1
b0fc9afec2b36341,Guatemala 2025,COE,Guatemala,2025,NW,Honey / pulped natural,2,5,5,0.4,0.4,1
b0fc9afec2b36341,Guatemala 2025,COE,Guatemala,2025,NW,Natural,1,5,5,0.2,0.2,1
b0fc9afec2b36341,Guatemala 2025,COE,Guatemala,2025,NW,Washed,2,5,5,0.4,0.4,1
4cb76103d3072242,2004,COE,Honduras,2004,COE,Not reported,21,21,0,1,NA,0
e4999c5ee612d56f,2005,COE,Honduras,2005,COE,Not reported,41,41,0,1,NA,0
7b8b2a60ec93c4dc,2006,COE,Honduras,2006,COE,Not reported,33,33,0,1,NA,0
b26066e3491384bc,2007,COE,Honduras,2007,COE,Not reported,24,24,0,1,NA,0
85b770ec2ac11ac8,2008,COE,Honduras,2008,COE,Not reported,26,26,0,1,NA,0
aaed34d3b88aef8b,2009,COE,Honduras,2009,COE,Not reported,39,39,0,1,NA,0
597c46cc3f0e2bd1,2010,COE,Honduras,2010,COE,Not reported,25,25,0,1,NA,0
8aabc8f0143025f3,2011,COE,Honduras,2011,COE,Not reported,33,33,0,1,NA,0
3a9e10cfadb01ede,2012,COE,Honduras,2012,COE,Not reported,20,20,0,1,NA,0
f6b296b9e61cd542,2013,COE,Honduras,2013,COE,Not reported,22,22,0,1,NA,0
54e133d3a0bc6ff3,2014,COE,Honduras,2014,COE,Not reported,22,22,0,1,NA,0
8b291231c7145e12,2015,COE,Honduras,2015,COE,Not reported,34,34,0,1,NA,0
2ce1a77eff6cdd28,2016,COE,Honduras,2016,COE,Not reported,23,23,0,1,NA,0
c1a563a1cea61442,2017,COE,Honduras,2017,COE,Not reported,24,24,0,1,NA,0
ef7f110ca8ad65a5,2018,COE,Honduras,2018,COE,Honey / pulped natural,3,36,36,0.08333333333333333,0.08333333333333333,1
ef7f110ca8ad65a5,2018,COE,Honduras,2018,COE,Natural,2,36,36,0.05555555555555555,0.05555555555555555,1
ef7f110ca8ad65a5,2018,COE,Honduras,2018,COE,Washed,31,36,36,0.8611111111111112,0.8611111111111112,1
88ab413a4b17ecde,2019,COE,Honduras,2019,COE,Experimental,1,30,30,0.03333333333333333,0.03333333333333333,1
88ab413a4b17ecde,2019,COE,Honduras,2019,COE,Honey / pulped natural,3,30,30,0.1,0.1,1
88ab413a4b17ecde,2019,COE,Honduras,2019,COE,Natural,4,30,30,0.13333333333333333,0.13333333333333333,1
88ab413a4b17ecde,2019,COE,Honduras,2019,COE,Washed,22,30,30,0.7333333333333333,0.7333333333333333,1
c0bf466579f2d947,Honduras 2021,COE,Honduras,2021,COE,Honey / pulped natural,2,25,25,0.08,0.08,1
c0bf466579f2d947,Honduras 2021,COE,Honduras,2021,COE,Natural,6,25,25,0.24,0.24,1
c0bf466579f2d947,Honduras 2021,COE,Honduras,2021,COE,Washed,17,25,25,0.68,0.68,1
1a1cc9a2fd677144,Honduras 2022,COE,Honduras,2022,COE,Honey / pulped natural,5,25,25,0.2,0.2,1
1a1cc9a2fd677144,Honduras 2022,COE,Honduras,2022,COE,Natural,10,25,25,0.4,0.4,1
1a1cc9a2fd677144,Honduras 2022,COE,Honduras,2022,COE,Washed,10,25,25,0.4,0.4,1
c00d15b2e8b05812,Honduras 2023,COE,Honduras,2023,COE,Honey / pulped natural,4,30,30,0.13333333333333333,0.13333333333333333,1
c00d15b2e8b05812,Honduras 2023,COE,Honduras,2023,COE,Natural,7,30,30,0.23333333333333334,0.23333333333333334,1
c00d15b2e8b05812,Honduras 2023,COE,Honduras,2023,COE,Washed,19,30,30,0.6333333333333333,0.6333333333333333,1
730e5b8120156480,Honduras 2024,COE,Honduras,2024,COE,Honey / pulped natural,4,29,29,0.13793103448275862,0.13793103448275862,1
730e5b8120156480,Honduras 2024,COE,Honduras,2024,COE,Natural,9,29,29,0.3103448275862069,0.3103448275862069,1
730e5b8120156480,Honduras 2024,COE,Honduras,2024,COE,Washed,16,29,29,0.5517241379310345,0.5517241379310345,1
633bbe248a592d8c,Honduras 2025,COE,Honduras,2025,COE,Honey / pulped natural,4,30,30,0.13333333333333333,0.13333333333333333,1
633bbe248a592d8c,Honduras 2025,COE,Honduras,2025,COE,Natural,6,30,30,0.2,0.2,1
633bbe248a592d8c,Honduras 2025,COE,Honduras,2025,COE,Washed,20,30,30,0.6666666666666666,0.6666666666666666,1
e80af4f8d8bd890c,Indonesia 2021,COE,Indonesia,2021,COE,Honey / pulped natural,2,26,26,0.07692307692307693,0.07692307692307693,1
e80af4f8d8bd890c,Indonesia 2021,COE,Indonesia,2021,COE,Natural,13,26,26,0.5,0.5,1
e80af4f8d8bd890c,Indonesia 2021,COE,Indonesia,2021,COE,Washed,11,26,26,0.4230769230769231,0.4230769230769231,1
35258d5d107d50f1,Indonesia 2022,COE,Indonesia,2022,COE,Experimental,6,22,22,0.2727272727272727,0.2727272727272727,1
35258d5d107d50f1,Indonesia 2022,COE,Indonesia,2022,COE,Honey / pulped natural,4,22,22,0.18181818181818182,0.18181818181818182,1
35258d5d107d50f1,Indonesia 2022,COE,Indonesia,2022,COE,Natural,4,22,22,0.18181818181818182,0.18181818181818182,1
35258d5d107d50f1,Indonesia 2022,COE,Indonesia,2022,COE,Washed,8,22,22,0.36363636363636365,0.36363636363636365,1
35258d5d107d50f1,Indonesia 2022,COE,Indonesia,2022,NW,Experimental,1,12,12,0.08333333333333333,0.08333333333333333,1
35258d5d107d50f1,Indonesia 2022,COE,Indonesia,2022,NW,Honey / pulped natural,2,12,12,0.16666666666666666,0.16666666666666666,1
35258d5d107d50f1,Indonesia 2022,COE,Indonesia,2022,NW,Natural,3,12,12,0.25,0.25,1
35258d5d107d50f1,Indonesia 2022,COE,Indonesia,2022,NW,Washed,6,12,12,0.5,0.5,1
7d2b8caa9301eabc,Indonesia 2023,COE,Indonesia,2023,COE,Experimental,3,22,22,0.13636363636363635,0.13636363636363635,1
7d2b8caa9301eabc,Indonesia 2023,COE,Indonesia,2023,COE,Honey / pulped natural,3,22,22,0.13636363636363635,0.13636363636363635,1
7d2b8caa9301eabc,Indonesia 2023,COE,Indonesia,2023,COE,Natural,15,22,22,0.6818181818181818,0.6818181818181818,1
7d2b8caa9301eabc,Indonesia 2023,COE,Indonesia,2023,COE,Washed,1,22,22,0.045454545454545456,0.045454545454545456,1
7d2b8caa9301eabc,Indonesia 2023,COE,Indonesia,2023,NW,Experimental,2,2,2,1,1,1
96a5d35a9035433e,2012,COE,Mexico,2012,COE,Not reported,10,10,0,1,NA,0
eb4956f44a554a3b,2013,COE,Mexico,2013,COE,Not reported,15,15,0,1,NA,0
3963608e04ba6462,2014,COE,Mexico,2014,COE,Not reported,19,19,0,1,NA,0
9c4359f85637f806,2015,COE,Mexico,2015,COE,Not reported,20,20,0,1,NA,0
7cd41b217cdcd97e,2017,COE,Mexico,2017,COE,Not reported,22,22,0,1,NA,0
db8d673b53d2c07d,2018,COE,Mexico,2018,COE,Natural,6,29,28,0.20689655172413793,0.21428571428571427,0.9655172413793104
db8d673b53d2c07d,2018,COE,Mexico,2018,COE,Not reported,1,29,28,0.034482758620689655,NA,0.9655172413793104
db8d673b53d2c07d,2018,COE,Mexico,2018,COE,Washed,22,29,28,0.7586206896551724,0.7857142857142857,0.9655172413793104
cc0114c82be5db63,2019,COE,Mexico,2019,COE,Experimental,1,28,28,0.03571428571428571,0.03571428571428571,1
cc0114c82be5db63,2019,COE,Mexico,2019,COE,Honey / pulped natural,2,28,28,0.07142857142857142,0.07142857142857142,1
cc0114c82be5db63,2019,COE,Mexico,2019,COE,Natural,3,28,28,0.10714285714285714,0.10714285714285714,1
cc0114c82be5db63,2019,COE,Mexico,2019,COE,Washed,22,28,28,0.7857142857142857,0.7857142857142857,1
8490c0273821d2a1,Mexico 2021,COE,Mexico,2021,COE,Honey / pulped natural,6,30,30,0.2,0.2,1
8490c0273821d2a1,Mexico 2021,COE,Mexico,2021,COE,Natural,8,30,30,0.26666666666666666,0.26666666666666666,1
8490c0273821d2a1,Mexico 2021,COE,Mexico,2021,COE,Washed,16,30,30,0.5333333333333333,0.5333333333333333,1
9afb42276738b733,Mexico 2022,COE,Mexico,2022,COE,Honey / pulped natural,2,30,30,0.06666666666666667,0.06666666666666667,1
9afb42276738b733,Mexico 2022,COE,Mexico,2022,COE,Natural,6,30,30,0.2,0.2,1
9afb42276738b733,Mexico 2022,COE,Mexico,2022,COE,Washed,22,30,30,0.7333333333333333,0.7333333333333333,1
c5947e46efa4a520,Mexico 2023,COE,Mexico,2023,COE,Honey / pulped natural,3,26,26,0.11538461538461539,0.11538461538461539,1
c5947e46efa4a520,Mexico 2023,COE,Mexico,2023,COE,Natural,12,26,26,0.46153846153846156,0.46153846153846156,1
c5947e46efa4a520,Mexico 2023,COE,Mexico,2023,COE,Washed,11,26,26,0.4230769230769231,0.4230769230769231,1
2d66f52827193519,Mexico 2024,COE,Mexico,2024,COE,Experimental,10,30,30,0.3333333333333333,0.3333333333333333,1
2d66f52827193519,Mexico 2024,COE,Mexico,2024,COE,Honey / pulped natural,6,30,30,0.2,0.2,1
2d66f52827193519,Mexico 2024,COE,Mexico,2024,COE,Natural,4,30,30,0.13333333333333333,0.13333333333333333,1
2d66f52827193519,Mexico 2024,COE,Mexico,2024,COE,Washed,10,30,30,0.3333333333333333,0.3333333333333333,1
2d66f52827193519,Mexico 2024,COE,Mexico,2024,NW,Natural,1,4,4,0.25,0.25,1
2d66f52827193519,Mexico 2024,COE,Mexico,2024,NW,Washed,3,4,4,0.75,0.75,1
e79330b9e90b09dc,Mexico 2025,COE,Mexico,2025,COE,Experimental,9,30,30,0.3,0.3,1
e79330b9e90b09dc,Mexico 2025,COE,Mexico,2025,COE,Honey / pulped natural,6,30,30,0.2,0.2,1
e79330b9e90b09dc,Mexico 2025,COE,Mexico,2025,COE,Natural,5,30,30,0.16666666666666666,0.16666666666666666,1
e79330b9e90b09dc,Mexico 2025,COE,Mexico,2025,COE,Washed,10,30,30,0.3333333333333333,0.3333333333333333,1
e79330b9e90b09dc,Mexico 2025,COE,Mexico,2025,NW,Experimental,1,4,4,0.25,0.25,1
e79330b9e90b09dc,Mexico 2025,COE,Mexico,2025,NW,Washed,3,4,4,0.75,0.75,1
958690440cdbefb5,2002,COE,Nicaragua,2002,COE,Not reported,23,23,0,1,NA,0
006d132a118d0da8,2003,COE,Nicaragua,2003,COE,Not reported,37,37,0,1,NA,0
9b41db41829ea486,2004,COE,Nicaragua,2004,COE,Not reported,29,29,0,1,NA,0
d767976e2066de8e,2005,COE,Nicaragua,2005,COE,Not reported,35,35,0,1,NA,0
da9b1a5c74fd4dd4,2006,COE,Nicaragua,2006,COE,Not reported,25,25,0,1,NA,0
762c57dba751e942,2007,COE,Nicaragua,2007,COE,Not reported,34,34,0,1,NA,0
da5b8d67ef9fccb3,2008,COE,Nicaragua,2008,COE,Not reported,25,25,0,1,NA,0
c56ff7f8e1e41dd6,2009,COE,Nicaragua,2009,COE,Not reported,26,26,0,1,NA,0
5971844d6c5e2009,2010,COE,Nicaragua,2010,COE,Not reported,27,27,0,1,NA,0
e741c9bf9232ab04,2011,COE,Nicaragua,2011,COE,Not reported,27,27,0,1,NA,0
a58384c85569435c,2012,COE,Nicaragua,2012,COE,Not reported,25,25,0,1,NA,0
8df430f321dfebe7,2014,COE,Nicaragua,2014,COE,Not reported,24,24,0,1,NA,0
306cdc3f652cd29f,2015,COE,Nicaragua,2015,COE,Not reported,30,30,0,1,NA,0
eb131b841c2d82a2,2017,COE,Nicaragua,2017,COE,Not reported,25,25,0,1,NA,0
7f40430980f0b5e6,2018,COE,Nicaragua,2018,COE,Honey / pulped natural,5,35,35,0.14285714285714285,0.14285714285714285,1
7f40430980f0b5e6,2018,COE,Nicaragua,2018,COE,Natural,6,35,35,0.17142857142857143,0.17142857142857143,1
7f40430980f0b5e6,2018,COE,Nicaragua,2018,COE,Washed,24,35,35,0.6857142857142857,0.6857142857142857,1
a715bdb54ff0d688,Nicaragua 2021,COE,Nicaragua,2021,COE,Experimental,1,23,23,0.043478260869565216,0.043478260869565216,1
a715bdb54ff0d688,Nicaragua 2021,COE,Nicaragua,2021,COE,Honey / pulped natural,5,23,23,0.21739130434782608,0.21739130434782608,1
a715bdb54ff0d688,Nicaragua 2021,COE,Nicaragua,2021,COE,Natural,7,23,23,0.30434782608695654,0.30434782608695654,1
a715bdb54ff0d688,Nicaragua 2021,COE,Nicaragua,2021,COE,Washed,10,23,23,0.43478260869565216,0.43478260869565216,1
319d40e9b8e35a24,Nicaragua 2022,COE,Nicaragua,2022,COE,Honey / pulped natural,4,26,26,0.15384615384615385,0.15384615384615385,1
319d40e9b8e35a24,Nicaragua 2022,COE,Nicaragua,2022,COE,Natural,12,26,26,0.46153846153846156,0.46153846153846156,1
319d40e9b8e35a24,Nicaragua 2022,COE,Nicaragua,2022,COE,Washed,10,26,26,0.38461538461538464,0.38461538461538464,1
7b46413689f41744,Nicaragua 2023,COE,Nicaragua,2023,COE,Honey / pulped natural,1,16,16,0.0625,0.0625,1
7b46413689f41744,Nicaragua 2023,COE,Nicaragua,2023,COE,Natural,6,16,16,0.375,0.375,1
7b46413689f41744,Nicaragua 2023,COE,Nicaragua,2023,COE,Washed,9,16,16,0.5625,0.5625,1
95f3bb26fec856b9,Nicaragua 2024,COE,Nicaragua,2024,COE,Honey / pulped natural,2,30,30,0.06666666666666667,0.06666666666666667,1
95f3bb26fec856b9,Nicaragua 2024,COE,Nicaragua,2024,COE,Natural,10,30,30,0.3333333333333333,0.3333333333333333,1
95f3bb26fec856b9,Nicaragua 2024,COE,Nicaragua,2024,COE,Washed,18,30,30,0.6,0.6,1
7eda394b87ad5966,Nicaragua 2025,COE,Nicaragua,2025,COE,Honey / pulped natural,1,30,30,0.03333333333333333,0.03333333333333333,1
7eda394b87ad5966,Nicaragua 2025,COE,Nicaragua,2025,COE,Natural,14,30,30,0.4666666666666667,0.4666666666666667,1
7eda394b87ad5966,Nicaragua 2025,COE,Nicaragua,2025,COE,Washed,15,30,30,0.5,0.5,1
f06207128b447b2a,2017,COE,Peru,2017,COE,Not reported,19,19,0,1,NA,0
4e0a635e5b9cd136,2018,COE,Peru,2018,COE,Washed,23,23,23,1,1,1
a9c5085d9aa7d8bf,2019,COE,Peru,2019,COE,Honey / pulped natural,1,21,21,0.047619047619047616,0.047619047619047616,1
a9c5085d9aa7d8bf,2019,COE,Peru,2019,COE,Washed,20,21,21,0.9523809523809523,0.9523809523809523,1
049e1f574d37b6f7,Peru 2021,COE,Peru,2021,COE,Natural,7,24,24,0.2916666666666667,0.2916666666666667,1
049e1f574d37b6f7,Peru 2021,COE,Peru,2021,COE,Washed,17,24,24,0.7083333333333334,0.7083333333333334,1
3f24f65f0fcace40,Peru 2022,COE,Peru,2022,COE,Natural,5,29,29,0.1724137931034483,0.1724137931034483,1
3f24f65f0fcace40,Peru 2022,COE,Peru,2022,COE,Washed,24,29,29,0.8275862068965517,0.8275862068965517,1
3eba8775b8710914,Peru 2023,COE,Peru,2023,COE,Experimental,2,30,30,0.06666666666666667,0.06666666666666667,1
3eba8775b8710914,Peru 2023,COE,Peru,2023,COE,Honey / pulped natural,1,30,30,0.03333333333333333,0.03333333333333333,1
3eba8775b8710914,Peru 2023,COE,Peru,2023,COE,Natural,7,30,30,0.23333333333333334,0.23333333333333334,1
3eba8775b8710914,Peru 2023,COE,Peru,2023,COE,Washed,20,30,30,0.6666666666666666,0.6666666666666666,1
d9e938f39eb3880a,Peru 2024,COE,Peru,2024,COE,Natural,6,25,25,0.24,0.24,1
d9e938f39eb3880a,Peru 2024,COE,Peru,2024,COE,Washed,19,25,25,0.76,0.76,1
d9e938f39eb3880a,Peru 2024,COE,Peru,2024,NW,Washed,7,7,7,1,1,1
216beb519b06ab27,Peru 2025,COE,Peru,2025,COE,Honey / pulped natural,1,30,30,0.03333333333333333,0.03333333333333333,1
216beb519b06ab27,Peru 2025,COE,Peru,2025,COE,Natural,6,30,30,0.2,0.2,1
216beb519b06ab27,Peru 2025,COE,Peru,2025,COE,Washed,23,30,30,0.7666666666666667,0.7666666666666667,1
216beb519b06ab27,Peru 2025,COE,Peru,2025,NW,Natural,1,3,3,0.3333333333333333,0.3333333333333333,1
216beb519b06ab27,Peru 2025,COE,Peru,2025,NW,Washed,2,3,3,0.6666666666666666,0.6666666666666666,1
69a12e0f55740ef8,2008,COE,Rwanda,2008,COE,Not reported,24,24,0,1,NA,0
ad438a1492b82749,2010,COE,Rwanda,2010,COE,Not reported,22,22,0,1,NA,0
cbb6685c1de9606c,2011,COE,Rwanda,2011,COE,Not reported,36,36,0,1,NA,0
8609cb0c260326a4,2012,COE,Rwanda,2012,COE,Not reported,26,26,0,1,NA,0
415b9957427e9382,2013,COE,Rwanda,2013,COE,Not reported,14,14,0,1,NA,0
a66ac5503b74bdc0,2014,COE,Rwanda,2014,COE,Not reported,28,28,0,1,NA,0
85dbbeca6dd82687,2015,COE,Rwanda,2015,COE,Not reported,21,21,0,1,NA,0
3252450a1c4f202d,2018,COE,Rwanda,2018,COE,Not reported,1,29,28,0.034482758620689655,NA,0.9655172413793104
3252450a1c4f202d,2018,COE,Rwanda,2018,COE,Washed,28,29,28,0.9655172413793104,1,0.9655172413793104
2ce15a7f40ccc6a3,Taiwan 2024,COE,Taiwan,2024,COE,Honey / pulped natural,3,20,20,0.15,0.15,1
2ce15a7f40ccc6a3,Taiwan 2024,COE,Taiwan,2024,COE,Natural,13,20,20,0.65,0.65,1
2ce15a7f40ccc6a3,Taiwan 2024,COE,Taiwan,2024,COE,Washed,4,20,20,0.2,0.2,1
2ce15a7f40ccc6a3,Taiwan 2024,COE,Taiwan,2024,NW,Natural,3,5,5,0.6,0.6,1
2ce15a7f40ccc6a3,Taiwan 2024,COE,Taiwan,2024,NW,Washed,2,5,5,0.4,0.4,1
2275524667da73bd,Taiwan 2025,COE,Taiwan,2025,COE,Honey / pulped natural,7,27,27,0.25925925925925924,0.25925925925925924,1
2275524667da73bd,Taiwan 2025,COE,Taiwan,2025,COE,Natural,14,27,27,0.5185185185185185,0.5185185185185185,1
2275524667da73bd,Taiwan 2025,COE,Taiwan,2025,COE,Washed,6,27,27,0.2222222222222222,0.2222222222222222,1
2a8e5a9baaa80905,Thailand 2023,COE,Thailand,2023,COE,Experimental,1,16,16,0.0625,0.0625,1
2a8e5a9baaa80905,Thailand 2023,COE,Thailand,2023,COE,Honey / pulped natural,5,16,16,0.3125,0.3125,1
2a8e5a9baaa80905,Thailand 2023,COE,Thailand,2023,COE,Natural,8,16,16,0.5,0.5,1
2a8e5a9baaa80905,Thailand 2023,COE,Thailand,2023,COE,Washed,2,16,16,0.125,0.125,1
10b05a69b2ee99bc,Thailand 2024,COE,Thailand,2024,COE,Honey / pulped natural,7,27,27,0.25925925925925924,0.25925925925925924,1
10b05a69b2ee99bc,Thailand 2024,COE,Thailand,2024,COE,Natural,15,27,27,0.5555555555555556,0.5555555555555556,1
10b05a69b2ee99bc,Thailand 2024,COE,Thailand,2024,COE,Washed,5,27,27,0.18518518518518517,0.18518518518518517,1
10b05a69b2ee99bc,Thailand 2024,COE,Thailand,2024,NW,Honey / pulped natural,1,4,4,0.25,0.25,1
10b05a69b2ee99bc,Thailand 2024,COE,Thailand,2024,NW,Natural,1,4,4,0.25,0.25,1
10b05a69b2ee99bc,Thailand 2024,COE,Thailand,2024,NW,Washed,2,4,4,0.5,0.5,1
e4f222213bccceb2,Thailand 2025,COE,Thailand,2025,COE,Experimental,2,21,21,0.09523809523809523,0.09523809523809523,1
e4f222213bccceb2,Thailand 2025,COE,Thailand,2025,COE,Honey / pulped natural,7,21,21,0.3333333333333333,0.3333333333333333,1
e4f222213bccceb2,Thailand 2025,COE,Thailand,2025,COE,Natural,10,21,21,0.47619047619047616,0.47619047619047616,1
e4f222213bccceb2,Thailand 2025,COE,Thailand,2025,COE,Washed,2,21,21,0.09523809523809523,0.09523809523809523,1
e4f222213bccceb2,Thailand 2025,COE,Thailand,2025,NW,Honey / pulped natural,1,7,7,0.14285714285714285,0.14285714285714285,1
e4f222213bccceb2,Thailand 2025,COE,Thailand,2025,NW,Natural,5,7,7,0.7142857142857143,0.7142857142857143,1
e4f222213bccceb2,Thailand 2025,COE,Thailand,2025,NW,Washed,1,7,7,0.14285714285714285,0.14285714285714285,1
