event_id,country,year,program,event_name,source_url,lots,prices_reported,weights_reported,buyers_reported,price_coverage,weight_coverage,buyer_coverage
006d132a118d0da8,Nicaragua,2003,COE,2003,https://allianceforcoffeeexcellence.org/nicaragua-2003/,37,37,0,37,1,0,1
033b9c6652fed90f,El Salvador,2022,COE,El Salvador 2022,https://allianceforcoffeeexcellence.org/el-salvador-2022/,30,30,30,30,1,1,1
049e1f574d37b6f7,Peru,2021,COE,Peru 2021,https://allianceforcoffeeexcellence.org/peru-2021/,27,27,27,27,1,1,1
04cf157e5060655a,Guatemala,2018,COE,2018,https://allianceforcoffeeexcellence.org/guatemala-2018/,37,37,0,37,1,0,1
04cf157e5060655a,Guatemala,2018,NW,2018,https://allianceforcoffeeexcellence.org/guatemala-2018/,4,4,4,4,1,1,1
05dea4f9ef49cf00,Colombia,2018,COE,2018,https://allianceforcoffeeexcellence.org/colombia-2018/,36,36,0,36,1,0,1
07530078211d9a65,El Salvador,2015,COE,2015,https://allianceforcoffeeexcellence.org/el-salvador-2015/,27,27,0,27,1,0,1
07a149006df074a2,Guatemala,2017,COE,2017,https://allianceforcoffeeexcellence.org/guatemala-2017/,30,30,0,30,1,0,1
07a149006df074a2,Guatemala,2017,NW,2017,https://allianceforcoffeeexcellence.org/guatemala-2017/,10,10,0,10,1,0,1
09d57f1b6eace9c6,Guatemala,2012,COE,2012,https://allianceforcoffeeexcellence.org/guatemala-2012/,23,23,0,23,1,0,1
0c50203e4ea9e6e7,El Salvador,2017,COE,2017,https://allianceforcoffeeexcellence.org/el-salvador-2017/,26,26,0,26,1,0,1
0c50203e4ea9e6e7,El Salvador,2017,NW,2017,https://allianceforcoffeeexcellence.org/el-salvador-2017/,7,7,0,7,1,0,1
101c33c318834c3a,Brazil,2015,COE,2015 January,https://allianceforcoffeeexcellence.org/brazil-naturals-2015-january/,23,23,0,23,1,0,1
10b05a69b2ee99bc,Thailand,2024,COE,Thailand 2024,https://allianceforcoffeeexcellence.org/thailand-2024/,29,29,29,29,1,1,1
1105bfdd52f0c6fb,Costa Rica,2011,COE,2011,https://allianceforcoffeeexcellence.org/costa-rica-2011/,31,31,0,31,1,0,1
11b46c35400dc616,Brazil,2009,COE,2009,https://allianceforcoffeeexcellence.org/brazil-pulped-naturals-2009/,26,26,0,26,1,0,1
183f05090c9a1140,Costa Rica,2024,COE,Costa Rica 2024,https://allianceforcoffeeexcellence.org/costa-rica-2024/,33,33,33,33,1,1,1
1a1cc9a2fd677144,Honduras,2022,COE,Honduras 2022,https://allianceforcoffeeexcellence.org/honduras-2022/,27,27,27,27,1,1,1
208d8a119b3fcd68,Brazil,2014,COE,2014,https://allianceforcoffeeexcellence.org/brazil-pulped-naturals-2014/,21,21,0,21,1,0,1
20a6b645aa948554,Colombia,2023,COE,Colombia 2023,https://allianceforcoffeeexcellence.org/colombia-2023/,31,31,31,31,1,1,1
216beb519b06ab27,Peru,2025,COE,Peru 2025,https://allianceforcoffeeexcellence.org/peru-2025/,32,32,32,32,1,1,1
2275524667da73bd,Taiwan,2025,COE,Taiwan 2025,https://allianceforcoffeeexcellence.org/taiwan-2025/,28,28,28,28,1,1,1
236a55b8dc898b6b,El Salvador,2011,COE,2011,https://allianceforcoffeeexcellence.org/el-salvador-2011/,42,42,0,42,1,0,1
265090fe20b129cd,El Salvador,2018,COE,2018,https://allianceforcoffeeexcellence.org/el-salvador-2018/,42,42,0,42,1,0,1
27e30bcdac0c444c,Ethiopia,2024,COE,Ethiopia 2024,https://allianceforcoffeeexcellence.org/ethiopia-2024/,29,29,29,29,1,1,1
27f98df4f5c3dba9,El Salvador,2010,COE,2010,https://allianceforcoffeeexcellence.org/el-salvador-2010/,30,30,0,30,1,0,1
29ce078048b6ca5a,Brazil,2016,COE,2016,https://allianceforcoffeeexcellence.org/brazil-pulped-naturals-2016/,24,24,0,24,1,0,1
2a8e5a9baaa80905,Thailand,2023,COE,Thailand 2023,https://allianceforcoffeeexcellence.org/thailand-2023/,17,17,17,17,1,1,1
2b2f8fc82c5e8056,Ethiopia,2021,COE,Ethiopia 2021,https://allianceforcoffeeexcellence.org/ethiopia-2021/,33,33,33,33,1,1,1
2ce15a7f40ccc6a3,Taiwan,2024,COE,Taiwan 2024,https://allianceforcoffeeexcellence.org/taiwan-2024/,20,20,20,20,1,1,1
2ce1a77eff6cdd28,Honduras,2016,COE,2016,https://allianceforcoffeeexcellence.org/honduras-2016/,26,26,0,26,1,0,1
2d66f52827193519,Mexico,2024,COE,Mexico 2024,https://allianceforcoffeeexcellence.org/mexico-2024/,44,33,33,33,0.75,0.75,0.75
30131012ffca0563,Colombia,2007,COE,2007 North,https://allianceforcoffeeexcellence.org/colombia-north-2007/,30,30,0,30,1,0,1
306cdc3f652cd29f,Nicaragua,2015,COE,2015,https://allianceforcoffeeexcellence.org/nicaragua-2015/,36,36,0,36,1,0,1
319d40e9b8e35a24,Nicaragua,2022,COE,Nicaragua 2022,https://allianceforcoffeeexcellence.org/nicaragua-2022/,27,27,27,27,1,1,1
3252450a1c4f202d,Rwanda,2018,COE,2018,https://allianceforcoffeeexcellence.org/rwanda-2018/,31,31,0,31,1,0,1
3252450a1c4f202d,Rwanda,2018,NW,2018,https://allianceforcoffeeexcellence.org/rwanda-2018/,7,1,0,1,0.14285714285714285,0,0.14285714285714285
3323c637ef5cd812,Costa Rica,2020,COE,Costa Rica 2020,https://allianceforcoffeeexcellence.org/costa-rica-2020/,28,28,28,28,1,1,1
33788018ae7fb5b7,Costa Rica,2021,COE,Costa Rica 2021,https://allianceforcoffeeexcellence.org/costa-rica-2021/,33,33,33,33,1,1,1
344ddab608c8d8c8,Bolivia,2007,COE,2007,https://allianceforcoffeeexcellence.org/bolivia-2007/,26,26,0,26,1,0,1
35258d5d107d50f1,Indonesia,2022,COE,Indonesia 2022,https://allianceforcoffeeexcellence.org/indonesia-2022/,23,23,23,23,1,1,1
3658e3cf0f8b901b,Guatemala,2010,COE,2010,https://allianceforcoffeeexcellence.org/guatemala-2010/,28,28,0,28,1,0,1
36f7881408411ac3,El Salvador,2024,COE,El Salvador 2024,https://allianceforcoffeeexcellence.org/el-salvador-2024/,33,33,33,33,1,1,1
374bae6a9cdc8d6c,Brazil,2022,COE,Brazil 2022,https://allianceforcoffeeexcellence.org/brazil-2022/,27,27,27,27,1,1,1
378b15a9f8e37b92,Colombia,2019,COE,2019 North,https://allianceforcoffeeexcellence.org/colombia-north-2019/,34,34,34,34,1,1,1
38b2d2e3c7e71d0f,Brazil,2017,COE,2017,https://allianceforcoffeeexcellence.org/brazil-pulped-naturals-2017/,28,28,0,28,1,0,1
38b2d2e3c7e71d0f,Brazil,2017,NW,2017,https://allianceforcoffeeexcellence.org/brazil-pulped-naturals-2017/,8,5,0,5,0.625,0,0.625
3963608e04ba6462,Mexico,2014,COE,2014,https://allianceforcoffeeexcellence.org/mexico-2014/,19,19,0,19,1,0,1
39c4de609fc7f6d0,Costa Rica,2008,COE,2008,https://allianceforcoffeeexcellence.org/costa-rica-2008/,30,30,0,30,1,0,1
3a9e10cfadb01ede,Honduras,2012,COE,2012,https://allianceforcoffeeexcellence.org/honduras-2012/,20,20,0,20,1,0,1
3b14ef284fc16bc7,Guatemala,2020,COE,Guatemala 2020,https://allianceforcoffeeexcellence.org/guatemala-2020/,31,31,31,31,1,1,1
3d618d74f19c5393,El Salvador,2009,COE,2009,https://allianceforcoffeeexcellence.org/el-salvador-2009/,33,33,0,33,1,0,1
3eba8775b8710914,Peru,2023,COE,Peru 2023,https://allianceforcoffeeexcellence.org/peru-2023/,33,33,33,33,1,1,1
3f24f65f0fcace40,Peru,2022,COE,Peru 2022,https://allianceforcoffeeexcellence.org/peru-2022/,32,32,32,32,1,1,1
3f6557f6d36b2162,Costa Rica,2018,COE,2018,https://allianceforcoffeeexcellence.org/costa-rica-2018/,42,42,0,42,1,0,1
3f6557f6d36b2162,Costa Rica,2018,NW,2018,https://allianceforcoffeeexcellence.org/costa-rica-2018/,5,5,0,5,1,0,1
3fdd9aa5fb9dcee3,Ethiopia,2020,COE,Ethiopia 2020,https://allianceforcoffeeexcellence.org/ethiopia-2020/,31,31,31,31,1,1,1
415b9957427e9382,Rwanda,2013,COE,2013,https://allianceforcoffeeexcellence.org/rwanda-2013/,15,15,0,15,1,0,1
41c894e8f5792c14,Bolivia,2009,COE,2009,https://allianceforcoffeeexcellence.org/bolivia-2009/,30,30,0,30,1,0,1
44540f168407c8ad,Costa Rica,2012,COE,2012,https://allianceforcoffeeexcellence.org/costa-rica-2012/,27,27,0,27,1,0,1
44619d3e719c99ef,Brazil,2008,COE,2008,https://allianceforcoffeeexcellence.org/brazil-pulped-naturals-2008/,23,23,0,23,1,0,1
4891a599b8c371e3,Guatemala,2007,COE,2007,https://allianceforcoffeeexcellence.org/guatemala-2007/,19,19,0,19,1,0,1
49d1caf44685b143,Guatemala,2015,COE,2015,https://allianceforcoffeeexcellence.org/guatemala-2015/,24,24,0,24,1,0,1
4b1d2194122da044,Guatemala,2014,COE,2014,https://allianceforcoffeeexcellence.org/guatemala-2014/,24,24,0,24,1,0,1
4b2992b9faf3f4f6,El Salvador,2020,COE,El Salvador 2020,https://allianceforcoffeeexcellence.org/el-salvador-2020/,23,23,23,23,1,1,1
4cb76103d3072242,Honduras,2004,COE,2004,https://allianceforcoffeeexcellence.org/honduras-2004/,21,21,0,21,1,0,1
4d450701ea8feb17,Brazil,2025,COE,Brazil 2025,https://allianceforcoffeeexcellence.org/brazil-2025/,33,33,33,33,1,1,1
4ddbb0cda233441d,Ethiopia,2022,COE,Ethiopia 2022,https://allianceforcoffeeexcellence.org/ethiopia-2022/,32,32,32,32,1,1,1
4e0a635e5b9cd136,Peru,2018,COE,2018,https://allianceforcoffeeexcellence.org/peru-2018/,24,24,0,24,1,0,1
4e0a635e5b9cd136,Peru,2018,NW,2018,https://allianceforcoffeeexcellence.org/peru-2018/,8,8,8,8,1,1,1
4f4bfa360131e53c,El Salvador,2025,COE,El Salvador 2025,https://allianceforcoffeeexcellence.org/el-salvador-2025/,34,34,31,0,1,0.9117647058823529,0
4f643bafa11775bd,Guatemala,2013,COE,2013,https://allianceforcoffeeexcellence.org/guatemala-2013/,23,23,0,23,1,0,1
512074cd9f5e0fb3,Peru,2020,COE,Peru 2020,https://allianceforcoffeeexcellence.org/peru-2020/,25,25,25,25,1,1,1
5128a3c5edf58a16,Guatemala,2011,COE,2011,https://allianceforcoffeeexcellence.org/guatemala-2011/,29,29,0,29,1,0,1
54e133d3a0bc6ff3,Honduras,2014,COE,2014,https://allianceforcoffeeexcellence.org/honduras-2014/,23,23,0,23,1,0,1
558daec13f90276f,El Salvador,2014,COE,2014,https://allianceforcoffeeexcellence.org/el-salvador-2014/,33,33,0,33,1,0,1
563b2176a64e6691,Costa Rica,2025,COE,Costa Rica 2025,https://allianceforcoffeeexcellence.org/costa-rica-2025/,37,37,33,0,1,0.8918918918918919,0
5690e5dd7b7859d2,Brazil,2023,COE,Brazil 2023,https://allianceforcoffeeexcellence.org/brazil-2023/,30,30,30,30,1,1,1
56e67cb59fb81745,Costa Rica,2015,COE,2015,https://allianceforcoffeeexcellence.org/costa-rica-2015/,35,35,0,35,1,0,1
56f3d93e6d53724a,Brazil,2018,COE,2018,https://allianceforcoffeeexcellence.org/brazil-naturals-2018/,45,45,0,45,1,0,1
58d0dda26a0c47c5,Brazil,2019,COE,2019,https://allianceforcoffeeexcellence.org/brazil-2019/,30,30,30,30,1,1,1
5971844d6c5e2009,Nicaragua,2010,COE,2010,https://allianceforcoffeeexcellence.org/nicaragua-2010/,27,27,0,27,1,0,1
597c46cc3f0e2bd1,Honduras,2010,COE,2010,https://allianceforcoffeeexcellence.org/honduras-2010/,25,25,0,25,1,0,1
5a4325fd738bec15,Ecuador,2023,COE,Ecuador 2023,https://allianceforcoffeeexcellence.org/ecuador-2023/,19,19,19,19,1,1,1
5add2920159e49b6,Burundi,2019,COE,2019,https://allianceforcoffeeexcellence.org/burundi-2019/,21,21,21,21,1,1,1
5b0c683a06c2fd21,Brazil,2000,COE,2000,https://allianceforcoffeeexcellence.org/brazil-pulped-naturals-2000/,18,18,0,18,1,0,1
6125b41b95ca5561,Burundi,2018,COE,2018,https://allianceforcoffeeexcellence.org/burundi-2018/,36,36,36,36,1,1,1
6125b41b95ca5561,Burundi,2018,NW,2018,https://allianceforcoffeeexcellence.org/burundi-2018/,6,0,0,0,0,0,0
616f537ef2678bf7,Burundi,2012,COE,2012,https://allianceforcoffeeexcellence.org/burundi-2012/,17,17,0,17,1,0,1
633bbe248a592d8c,Honduras,2025,COE,Honduras 2025,https://allianceforcoffeeexcellence.org/honduras-2025/,33,33,33,33,1,1,1
6380da67582687f1,Brazil,2002,COE,2002,https://allianceforcoffeeexcellence.org/brazil-pulped-naturals-2002/,28,28,0,28,1,0,1
648ba67dc99a9346,El Salvador,2019,COE,2019,https://allianceforcoffeeexcellence.org/el-salvador-2019/,27,27,27,27,1,1,1
6646acbd1638b6ee,Bolivia,2008,COE,2008,https://allianceforcoffeeexcellence.org/bolivia-2008/,29,29,0,29,1,0,1
69a12e0f55740ef8,Rwanda,2008,COE,2008,https://allianceforcoffeeexcellence.org/rwanda-2008/,24,24,0,24,1,0,1
6b9d377e893fb5d8,El Salvador,2008,COE,2008,https://allianceforcoffeeexcellence.org/el-salvador-2008/,36,36,0,36,1,0,1
6dc5bb1377bf2317,Brazil,2011,COE,2011,https://allianceforcoffeeexcellence.org/brazil-pulped-naturals-2011/,31,31,0,31,1,0,1
70d2a14e35e4a127,Brazil,2020,COE,Brazil 2020,https://allianceforcoffeeexcellence.org/brazil-2020/,30,30,30,30,1,1,1
7271aa2d4ce78a13,Guatemala,2023,COE,Guatemala 2023,https://allianceforcoffeeexcellence.org/guatemala-2023/,31,31,31,31,1,1,1
7294b6371afc8507,El Salvador,2013,COE,2013,https://allianceforcoffeeexcellence.org/el-salvador-2013/,26,26,0,26,1,0,1
730e5b8120156480,Honduras,2024,COE,Honduras 2024,https://allianceforcoffeeexcellence.org/honduras-2024/,32,32,32,32,1,1,1
7596cdc55b1b13b7,El Salvador,2007,COE,2007,https://allianceforcoffeeexcellence.org/el-salvador-2007/,23,23,0,23,1,0,1
762c57dba751e942,Nicaragua,2007,COE,2007,https://allianceforcoffeeexcellence.org/nicaragua-2007/,34,34,0,34,1,0,1
7887cd6f3b2c4612,Colombia,2006,COE,2006 North,https://allianceforcoffeeexcellence.org/colombia-north-2006/,23,23,0,23,1,0,1
7b46413689f41744,Nicaragua,2023,COE,Nicaragua 2023,https://allianceforcoffeeexcellence.org/nicaragua-2023/,18,18,18,18,1,1,1
7b8b2a60ec93c4dc,Honduras,2006,COE,2006,https://allianceforcoffeeexcellence.org/honduras-2006/,33,33,0,33,1,0,1
7ba223eeaf3a9cb7,Brazil,2017,COE,2017,https://allianceforcoffeeexcellence.org/brazil-naturals-2017/,37,37,0,37,1,0,1
7ba223eeaf3a9cb7,Brazil,2017,NW,2017,https://allianceforcoffeeexcellence.org/brazil-naturals-2017/,5,4,0,3,0.8,0,0.6
7cd41b217cdcd97e,Mexico,2017,COE,2017,https://allianceforcoffeeexcellence.org/mexico-2017/,22,22,0,22,1,0,1
7cd41b217cdcd97e,Mexico,2017,NW,2017,https://allianceforcoffeeexcellence.org/mexico-2017/,9,6,0,6,0.6666666666666666,0,0.6666666666666666
7d2b8caa9301eabc,Indonesia,2023,COE,Indonesia 2023,https://allianceforcoffeeexcellence.org/indonesia-2023/,25,25,25,25,1,1,1
7e63f3505a9fd29f,Colombia,2009,COE,2009 North,https://allianceforcoffeeexcellence.org/colombia-north-2009/,27,27,0,27,1,0,1
7eda394b87ad5966,Nicaragua,2025,COE,Nicaragua 2025,https://allianceforcoffeeexcellence.org/nicaragua-2025/,31,31,29,29,1,0.9354838709677419,0.9354838709677419
7ee7c9627e3a94bd,Colombia,2011,COE,2011 North,https://allianceforcoffeeexcellence.org/colombia-north-2011/,22,22,0,22,1,0,1
7f40430980f0b5e6,Nicaragua,2018,COE,2018,https://allianceforcoffeeexcellence.org/nicaragua-2018/,40,40,0,40,1,0,1
7f40430980f0b5e6,Nicaragua,2018,NW,2018,https://allianceforcoffeeexcellence.org/nicaragua-2018/,3,3,0,3,1,0,1
8191f8204aa713fa,Guatemala,2016,COE,2016,https://allianceforcoffeeexcellence.org/guatemala-2016/,25,25,0,25,1,0,1
81ba66b9c2fe1d13,Brazil,2013,COE,2013,https://allianceforcoffeeexcellence.org/brazil-naturals-2013/,22,22,0,22,1,0,1
8490c0273821d2a1,Mexico,2021,COE,Mexico 2021,https://allianceforcoffeeexcellence.org/mexico-2021/,33,33,33,33,1,1,1
84ad38b1037dcc19,Nicaragua,2020,COE,Nicaragua 2020,https://allianceforcoffeeexcellence.org/nicaragua-2020/,18,18,18,18,1,1,1
85b770ec2ac11ac8,Honduras,2008,COE,2008,https://allianceforcoffeeexcellence.org/honduras-2008/,26,26,0,26,1,0,1
85dbbeca6dd82687,Rwanda,2015,COE,2015,https://allianceforcoffeeexcellence.org/rwanda-2015/,23,23,0,23,1,0,1
8609cb0c260326a4,Rwanda,2012,COE,2012,https://allianceforcoffeeexcellence.org/rwanda-2012/,26,26,0,26,1,0,1
86196d6e98565c85,Costa Rica,2017,COE,2017,https://allianceforcoffeeexcellence.org/costa-rica-coe-2017/,32,32,0,32,1,0,1
86196d6e98565c85,Costa Rica,2017,NW,2017,https://allianceforcoffeeexcellence.org/costa-rica-coe-2017/,3,3,0,3,1,0,1
86f5fadc62969c5f,Bolivia,2004,COE,2004,https://allianceforcoffeeexcellence.org/bolivia-2004/,13,13,0,13,1,0,1
8783a594e2c5082b,Brazil,2014,COE,2014,https://allianceforcoffeeexcellence.org/brazil-naturals-2014/,23,23,0,23,1,0,1
88ab413a4b17ecde,Honduras,2019,COE,2019,https://allianceforcoffeeexcellence.org/honduras-2019/,33,33,33,33,1,1,1
8aabc8f0143025f3,Honduras,2011,COE,2011,https://allianceforcoffeeexcellence.org/honduras-2011/,33,33,0,33,1,0,1
8b291231c7145e12,Honduras,2015,COE,2015,https://allianceforcoffeeexcellence.org/honduras-2015/,37,37,0,37,1,0,1
8ba1050b3deba653,Colombia,2013,COE,2013 North,https://allianceforcoffeeexcellence.org/colombia-north-2013/,20,20,0,20,1,0,1
8df430f321dfebe7,Nicaragua,2014,COE,2014,https://allianceforcoffeeexcellence.org/nicaragua-2014/,25,25,0,25,1,0,1
8ec9c5ddcac94e33,Colombia,2021,COE,Colombia 2021,https://allianceforcoffeeexcellence.org/colombia-2021/,25,25,25,25,1,1,1
8f48007819e94a7e,Guatemala,2022,COE,Guatemala 2022,https://allianceforcoffeeexcellence.org/guatemala-2022/,33,33,33,33,1,1,1
8f910a10a522a6e4,Brazil,2024,COE,Brazil 2024,https://allianceforcoffeeexcellence.org/brazil-2024/,24,23,23,23,0.9583333333333334,0.9583333333333334,0.9583333333333334
90ce520eb2b1c7b3,Brazil,2012,COE,2012,https://allianceforcoffeeexcellence.org/brazil-pulped-naturals-2012/,24,24,0,24,1,0,1
924c6ccd256e3867,Colombia,2005,COE,2005 North,https://allianceforcoffeeexcellence.org/colombia-north-2005/,25,25,0,25,1,0,1
932be81913d4d6cc,Ecuador,2022,COE,Ecuador 2022,https://allianceforcoffeeexcellence.org/ecuador-2022/,19,19,19,19,1,1,1
94e0f75eb8b007ec,Guatemala,2019,COE,2019,https://allianceforcoffeeexcellence.org/guatemala-2019/,23,23,23,23,1,1,1
958690440cdbefb5,Nicaragua,2002,COE,2002,https://allianceforcoffeeexcellence.org/nicaragua-2002/,37,37,0,37,1,0,1
95f3bb26fec856b9,Nicaragua,2024,COE,Nicaragua 2024,https://allianceforcoffeeexcellence.org/nicaragua-2024/,31,31,31,31,1,1,1
96a5d35a9035433e,Mexico,2012,COE,2012,https://allianceforcoffeeexcellence.org/mexico-2012/,10,10,0,10,1,0,1
97486e2f1c2df951,Brazil,2012,COE,2012,https://allianceforcoffeeexcellence.org/brazil-naturals-2012/,18,18,0,18,1,0,1
977c3d13e69fd1a0,Colombia,2005,COE,2005 South,https://allianceforcoffeeexcellence.org/colombia-south-2005/,33,33,0,33,1,0,1
9afb42276738b733,Mexico,2022,COE,Mexico 2022,https://allianceforcoffeeexcellence.org/mexico-2022/,33,33,33,33,1,1,1
9b39103db61369e1,El Salvador,2003,COE,2003,https://allianceforcoffeeexcellence.org/el-salvador-2003/,31,31,0,31,1,0,1
9b41db41829ea486,Nicaragua,2004,COE,2004,https://allianceforcoffeeexcellence.org/nicaragua-2004/,29,29,0,29,1,0,1
9c4359f85637f806,Mexico,2015,COE,2015,https://allianceforcoffeeexcellence.org/mexico-2015/,17,17,0,17,1,0,1
9f945028bafe640f,Brazil,1999,COE,1999,https://allianceforcoffeeexcellence.org/brazil-pulped-naturals-1999/,10,10,0,10,1,0,1
a17342050c271e78,Guatemala,2008,COE,2008,https://allianceforcoffeeexcellence.org/guatemala-2008/,25,25,0,25,1,0,1
a2287dd141a2aa33,Brazil,2005,COE,2005,https://allianceforcoffeeexcellence.org/brazil-pulped-naturals-2005/,36,36,0,36,1,0,1
a4ff42ee1c56fcb6,El Salvador,2005,COE,2005,https://allianceforcoffeeexcellence.org/el-salvador-2005/,17,17,0,17,1,0,1
a58384c85569435c,Nicaragua,2012,COE,2012,https://allianceforcoffeeexcellence.org/nicaragua-2012/,25,25,0,25,1,0,1
a66ac5503b74bdc0,Rwanda,2014,COE,2014,https://allianceforcoffeeexcellence.org/rwanda-2014/,28,28,0,28,1,0,1
a715bdb54ff0d688,Nicaragua,2021,COE,Nicaragua 2021,https://allianceforcoffeeexcellence.org/nicaragua-2021/,26,26,26,26,1,1,1
a788c4997f41e4fb,Burundi,2013,COE,2013,https://allianceforcoffeeexcellence.org/burundi-2013/,14,14,0,14,1,0,1
a888e8977fcf5201,Guatemala,2024,COE,Guatemala 2024,https://allianceforcoffeeexcellence.org/guatemala-2024/,38,30,30,30,0.7894736842105263,0.7894736842105263,0.7894736842105263
a9c5085d9aa7d8bf,Peru,2019,COE,2019,https://allianceforcoffeeexcellence.org/peru-2019/,24,24,24,24,1,1,1
aaed34d3b88aef8b,Honduras,2009,COE,2009,https://allianceforcoffeeexcellence.org/honduras-2009/,37,37,0,37,1,0,1
ab20ca6fa71477c3,Brazil,2003,COE,2003,https://allianceforcoffeeexcellence.org/brazil-pulped-naturals-2003/,43,43,0,43,1,0,1
ad438a1492b82749,Rwanda,2010,COE,2010,https://allianceforcoffeeexcellence.org/rwanda-2010/,22,22,0,22,1,0,1
ada629ce75da8ae0,El Salvador,2006,COE,2006,https://allianceforcoffeeexcellence.org/el-salvador-2006/,23,23,0,23,1,0,1
ae19c1e1f76a37ad,Guatemala,2001,COE,2001,https://allianceforcoffeeexcellence.org/guatemala-2001/,15,15,0,15,1,0,1
b049d78ce4ab573e,Costa Rica,2023,COE,Costa Rica 2023,https://allianceforcoffeeexcellence.org/costa-rica-2023/,33,33,33,33,1,1,1
b0fc9afec2b36341,Guatemala,2025,COE,Guatemala 2025,https://allianceforcoffeeexcellence.org/guatemala-2025/,33,33,33,0,1,1,0
b2252d20dd28d7dd,Brazil,2015,COE,2015,https://allianceforcoffeeexcellence.org/brazil-pulped-naturals-2015/,22,22,0,22,1,0,1
b26066e3491384bc,Honduras,2007,COE,2007,https://allianceforcoffeeexcellence.org/honduras-2007/,24,24,0,24,1,0,1
b762b1a91ef82ae0,Costa Rica,2014,COE,2014,https://allianceforcoffeeexcellence.org/costa-rica-2014/,24,24,0,24,1,0,1
bc5c1e38d691c08b,Burundi,2017,COE,2017,https://allianceforcoffeeexcellence.org/burundi-2017/,25,25,0,25,1,0,1
bc5c1e38d691c08b,Burundi,2017,NW,2017,https://allianceforcoffeeexcellence.org/burundi-2017/,8,2,0,2,0.25,0,0.25
bc80a53b61b50b1c,Brazil,2013,COE,2013,https://allianceforcoffeeexcellence.org/brazil-pulped-naturals-2013/,32,32,0,32,1,0,1
becb5d5a8d06e2c4,Guatemala,2006,COE,2006,https://allianceforcoffeeexcellence.org/guatemala-2006/,25,25,0,25,1,0,1
c00d15b2e8b05812,Honduras,2023,COE,Honduras 2023,https://allianceforcoffeeexcellence.org/honduras-2023/,32,32,32,32,1,1,1
c0bf466579f2d947,Honduras,2021,COE,Honduras 2021,https://allianceforcoffeeexcellence.org/honduras-2021/,28,28,28,28,1,1,1
c1a563a1cea61442,Honduras,2017,COE,2017,https://allianceforcoffeeexcellence.org/honduras-2017/,27,27,0,27,1,0,1
c1a563a1cea61442,Honduras,2017,NW,2017,https://allianceforcoffeeexcellence.org/honduras-2017/,12,10,0,10,0.8333333333333334,0,0.8333333333333334
c56ff7f8e1e41dd6,Nicaragua,2009,COE,2009,https://allianceforcoffeeexcellence.org/nicaragua-2009/,26,26,0,26,1,0,1
c5947e46efa4a520,Mexico,2023,COE,Mexico 2023,https://allianceforcoffeeexcellence.org/mexico-2023/,29,29,29,29,1,1,1
c5f2e2e30775dfe7,Costa Rica,2009,COE,2009,https://allianceforcoffeeexcellence.org/costa-rica-2009/,24,24,0,24,1,0,1
c70d21b6380ff8fc,Ecuador,2021,COE,Ecuador 2021,https://allianceforcoffeeexcellence.org/ecuador-2021/,25,25,25,25,1,1,1
c8752ceee8bb53f1,Brazil,2006,COE,2006,https://allianceforcoffeeexcellence.org/brazil-pulped-naturals-2006/,28,28,0,28,1,0,1
c991847a22ff1716,El Salvador,2023,COE,El Salvador 2023,https://allianceforcoffeeexcellence.org/el-salvador-2023/,33,33,33,33,1,1,1
cb99a98e8f70e864,Colombia,2017,COE,2017,https://allianceforcoffeeexcellence.org/colombia-2017/,36,36,0,36,1,0,1
cbb6685c1de9606c,Rwanda,2011,COE,2011,https://allianceforcoffeeexcellence.org/rwanda-2011/,36,36,0,36,1,0,1
cbe3c4b09a54bec0,Bolivia,2005,COE,2005,https://allianceforcoffeeexcellence.org/bolivia-2005/,19,19,0,19,1,0,1
cbf7cef16e2f2288,Colombia,2006,COE,2006 South,https://allianceforcoffeeexcellence.org/colombia-south-2006/,30,30,0,30,1,0,1
cc0114c82be5db63,Mexico,2019,COE,2019,https://allianceforcoffeeexcellence.org/mexico-2019/,31,31,31,31,1,1,1
ce40b6a6738bbb99,Costa Rica,2019,COE,2019,https://allianceforcoffeeexcellence.org/costa-rica-2019/,31,31,31,31,1,1,1
d097a68f0a5eff0b,Colombia,2012,COE,2012 South,https://allianceforcoffeeexcellence.org/colombia-south-2012/,30,30,0,30,1,0,1
d144777157aa3439,Costa Rica,2013,COE,2013,https://allianceforcoffeeexcellence.org/costa-rica-2013/,22,22,0,22,1,0,1
d1543b65c7f3dffe,Brazil,2018,COE,2018,https://allianceforcoffeeexcellence.org/brazil-pulped-naturals-2018/,35,35,0,35,1,0,1
d1543b65c7f3dffe,Brazil,2018,NW,2018,https://allianceforcoffeeexcellence.org/brazil-pulped-naturals-2018/,5,5,0,5,1,0,1
d499fbd326fc6ee9,Colombia,2010,COE,2010 South,https://allianceforcoffeeexcellence.org/colombia-south-2010/,21,21,0,21,1,0,1
d767976e2066de8e,Nicaragua,2005,COE,2005,https://allianceforcoffeeexcellence.org/nicaragua-2005/,35,35,0,35,1,0,1
d9e938f39eb3880a,Peru,2024,COE,Peru 2024,https://allianceforcoffeeexcellence.org/peru-2024/,16,16,16,16,1,1,1
da5b8d67ef9fccb3,Nicaragua,2008,COE,2008,https://allianceforcoffeeexcellence.org/nicaragua-2008/,25,25,0,25,1,0,1
da9b1a5c74fd4dd4,Nicaragua,2006,COE,2006,https://allianceforcoffeeexcellence.org/nicaragua-2006/,25,25,0,25,1,0,1
db8d673b53d2c07d,Mexico,2018,COE,2018,https://allianceforcoffeeexcellence.org/mexico-2018/,32,32,0,32,1,0,1
db8d673b53d2c07d,Mexico,2018,NW,2018,https://allianceforcoffeeexcellence.org/mexico-2018/,3,3,3,3,1,1,1
dec3b623fc3b102d,Costa Rica,2016,COE,2016,https://allianceforcoffeeexcellence.org/costa-rica-2016/,26,26,0,26,1,0,1
deeed450e36aab5d,Costa Rica,2022,COE,Costa Rica 2022,https://allianceforcoffeeexcellence.org/costa-rica-2022/,25,25,25,25,1,1,1
df2a0030ea37d2c1,Burundi,2015,COE,2015,https://allianceforcoffeeexcellence.org/burundi-2015/,27,27,0,27,1,0,1
e027de3eaca1fdbe,Guatemala,2021,COE,Guatemala 2021,https://allianceforcoffeeexcellence.org/guatemala-2021/,31,31,31,31,1,1,1
e27e0f7c702fa71e,Brazil,2015,COE,2015 December,https://allianceforcoffeeexcellence.org/brazil-naturals-2015/,32,32,0,32,1,0,1
e2acf27cd7656ef2,Brazil,2001,COE,2001,https://allianceforcoffeeexcellence.org/brazil-pulped-naturals-2001/,18,18,0,18,1,0,1
e36d63fff8523cfb,Brazil,2004,COE,2004,https://allianceforcoffeeexcellence.org/brazil-pulped-naturals-2004/,36,36,0,36,1,0,1
e38c7393edb1fc36,Guatemala,2002,COE,2002,https://allianceforcoffeeexcellence.org/guatemala-2002/,33,33,0,32,1,0,0.9696969696969697
e3acd98cde143171,Guatemala,2009,COE,2009,https://allianceforcoffeeexcellence.org/guatemala-2009/,23,23,0,23,1,0,1
e3ee4b83024a8fdc,Colombia,2015,COE,2015 North,https://allianceforcoffeeexcellence.org/colombia-north-2015/,31,31,0,31,1,0,1
e4999c5ee612d56f,Honduras,2005,COE,2005,https://allianceforcoffeeexcellence.org/honduras-2005/,41,41,0,41,1,0,1
e4f222213bccceb2,Thailand,2025,COE,Thailand 2025,https://allianceforcoffeeexcellence.org/thailand-2025/,22,22,22,22,1,1,1
e741c9bf9232ab04,Nicaragua,2011,COE,2011,https://allianceforcoffeeexcellence.org/nicaragua-2011/,27,27,0,27,1,0,1
e79330b9e90b09dc,Mexico,2025,COE,Mexico 2025,https://allianceforcoffeeexcellence.org/mexico-2025/,33,33,33,33,1,1,1
e80af4f8d8bd890c,Indonesia,2021,COE,Indonesia 2021,https://allianceforcoffeeexcellence.org/indonesia-2021/,26,26,26,26,1,1,1
e91a6326be6cc6dc,Colombia,2008,COE,2008 South,https://allianceforcoffeeexcellence.org/colombia-south-2008/,18,18,0,18,1,0,1
eb131b841c2d82a2,Nicaragua,2017,COE,2017,https://allianceforcoffeeexcellence.org/nicaragua-2017/,28,28,0,28,1,0,1
eb131b841c2d82a2,Nicaragua,2017,NW,2017,https://allianceforcoffeeexcellence.org/nicaragua-2017/,4,0,0,0,0,0,0
eb4956f44a554a3b,Mexico,2013,COE,2013,https://allianceforcoffeeexcellence.org/mexico-2013/,16,16,0,16,1,0,1
eba617e4fe8e52b9,El Salvador,2012,COE,2012,https://allianceforcoffeeexcellence.org/el-salvador-2012/,28,28,0,28,1,0,1
ed9a6c81f8e5fb94,Colombia,2022,COE,Colombia 2022,https://allianceforcoffeeexcellence.org/colombia-2022/,24,24,24,24,1,1,1
ef7f110ca8ad65a5,Honduras,2018,COE,2018,https://allianceforcoffeeexcellence.org/honduras-2018/,41,41,0,41,1,0,1
ef7f110ca8ad65a5,Honduras,2018,NW,2018,https://allianceforcoffeeexcellence.org/honduras-2018/,1,1,1,1,1,1,1
efb2f39d90f46af8,Costa Rica,2007,COE,2007,https://allianceforcoffeeexcellence.org/costa-rica-2007/,25,25,0,25,1,0,1
f06207128b447b2a,Peru,2017,COE,2017,https://allianceforcoffeeexcellence.org/peru-2017/,24,24,0,24,1,0,1
f06207128b447b2a,Peru,2017,NW,2017,https://allianceforcoffeeexcellence.org/peru-2017/,11,11,0,11,1,0,1
f142488b1549196e,Burundi,2014,COE,2014,https://allianceforcoffeeexcellence.org/burundi-2014/,27,27,0,27,1,0,1
f1e54b3b5ca863aa,Colombia,2014,COE,2014 South,https://allianceforcoffeeexcellence.org/colombia-south-2014/,34,34,0,34,1,0,1
f2c23fa8e29d9daa,Colombia,2020,COE,Colombia 2020,https://allianceforcoffeeexcellence.org/colombia-2020/,25,25,25,25,1,1,1
f52a7809bb1fd00e,El Salvador,2021,COE,El Salvador 2021,https://allianceforcoffeeexcellence.org/el-salvador-2021/,27,27,27,27,1,1,1
f57a799e620edb5c,Brazil,2016,COE,2016,https://allianceforcoffeeexcellence.org/brazil-naturals-2016/,23,23,0,23,1,0,1
f59277b5e64c2ec4,El Salvador,2004,COE,2004,https://allianceforcoffeeexcellence.org/el-salvador-2004/,35,35,0,35,1,0,1
f6b296b9e61cd542,Honduras,2013,COE,2013,https://allianceforcoffeeexcellence.org/honduras-2013/,22,22,0,22,1,0,1
f8c00d6b60400117,Brazil,2021,COE,Brazil 2021,https://allianceforcoffeeexcellence.org/brazil-2021/,31,31,31,31,1,1,1
