event_id,event_name,event_type,country,year,program,process_group,rank,score,farm,producer,process,variety,region,source_url,swap_process_variety,process_family,process_classification_source,rank_key,entry_rank,farm_key,producer_key,entry_key
6380da67582687f1,2002,COE Pulped Natural,Brazil,2002,COE,NA,1,-1,Faz. Água Limpa I (José…,–,NA,NA,"-, –",https://allianceforcoffeeexcellence.org/brazil-pulped-naturals-2002/,FALSE,Honey / pulped natural,ACE event title,1,1,faz agua limpa i jose,,6380da67582687f1|COE|NA|1
6380da67582687f1,2002,COE Pulped Natural,Brazil,2002,COE,NA,2,-1,Faz. Santa Helena,–,NA,NA,"-, –",https://allianceforcoffeeexcellence.org/brazil-pulped-naturals-2002/,FALSE,Honey / pulped natural,ACE event title,2,2,faz santa helena,,6380da67582687f1|COE|NA|2
6380da67582687f1,2002,COE Pulped Natural,Brazil,2002,COE,NA,3,-1,Faz. Santa Terezinha,–,NA,NA,"-, –",https://allianceforcoffeeexcellence.org/brazil-pulped-naturals-2002/,FALSE,Honey / pulped natural,ACE event title,3,3,faz santa terezinha,,6380da67582687f1|COE|NA|3
6380da67582687f1,2002,COE Pulped Natural,Brazil,2002,COE,NA,4,-1,Faz. Transwal,–,NA,NA,"-, –",https://allianceforcoffeeexcellence.org/brazil-pulped-naturals-2002/,FALSE,Honey / pulped natural,ACE event title,4,4,faz transwal,,6380da67582687f1|COE|NA|4
6380da67582687f1,2002,COE Pulped Natural,Brazil,2002,COE,NA,5,-1,Sítio Grota São Pedro,Cláudio Carneiro Pinto,NA,NA,"Carmo de Minas, Minas Gerais",https://allianceforcoffeeexcellence.org/brazil-pulped-naturals-2002/,FALSE,Honey / pulped natural,ACE event title,5,5,sitio grota sao pedro,claudio carneiro pinto,6380da67582687f1|COE|NA|5
6380da67582687f1,2002,COE Pulped Natural,Brazil,2002,COE,NA,6,-1,Faz. Água Limpa II (Jorge…,–,NA,NA,"-, –",https://allianceforcoffeeexcellence.org/brazil-pulped-naturals-2002/,FALSE,Honey / pulped natural,ACE event title,6,6,faz agua limpa ii jorge,,6380da67582687f1|COE|NA|6
6380da67582687f1,2002,COE Pulped Natural,Brazil,2002,COE,NA,7,-1,Fazenda Bela Vista,Luiz Carlos Queiroz,NA,NA,"Mucuge, Bahia",https://allianceforcoffeeexcellence.org/brazil-pulped-naturals-2002/,FALSE,Honey / pulped natural,ACE event title,7,7,fazenda bela vista,luiz carlos queiroz,6380da67582687f1|COE|NA|7
6380da67582687f1,2002,COE Pulped Natural,Brazil,2002,COE,NA,8,-1,Fazenda Cachoeira do Cambuí,Ailton Santos,NA,NA,"Muzambinho, Minas Gerais",https://allianceforcoffeeexcellence.org/brazil-pulped-naturals-2002/,FALSE,Honey / pulped natural,ACE event title,8,8,fazenda cachoeira do cambui,ailton santos,6380da67582687f1|COE|NA|8
6380da67582687f1,2002,COE Pulped Natural,Brazil,2002,COE,NA,9,-1,Fazenda Caiana,–,NA,NA,"-, –",https://allianceforcoffeeexcellence.org/brazil-pulped-naturals-2002/,FALSE,Honey / pulped natural,ACE event title,9,9,fazenda caiana,,6380da67582687f1|COE|NA|9
6380da67582687f1,2002,COE Pulped Natural,Brazil,2002,COE,NA,10,-1,Faz. Capoeirinha (Conquista),–,NA,NA,"-, –",https://allianceforcoffeeexcellence.org/brazil-pulped-naturals-2002/,FALSE,Honey / pulped natural,ACE event title,10,10,faz capoeirinha conquista,,6380da67582687f1|COE|NA|10
6380da67582687f1,2002,COE Pulped Natural,Brazil,2002,COE,NA,11,-1,Fazenda Catuaí,–,NA,NA,"-, –",https://allianceforcoffeeexcellence.org/brazil-pulped-naturals-2002/,FALSE,Honey / pulped natural,ACE event title,11,11,fazenda catuai,,6380da67582687f1|COE|NA|11
6380da67582687f1,2002,COE Pulped Natural,Brazil,2002,COE,NA,12,-1,Fazenda do Serrado,Maria Rogéria Costa Pereira,NA,NA,"Carmo de Minas, Minas Gerais",https://allianceforcoffeeexcellence.org/brazil-pulped-naturals-2002/,FALSE,Honey / pulped natural,ACE event title,12,12,fazenda do serrado,maria rogeria costa pereira,6380da67582687f1|COE|NA|12
6380da67582687f1,2002,COE Pulped Natural,Brazil,2002,COE,NA,13,-1,Fazenda do Sertão,Nazareth Dias Pereira,NA,NA,"Carmo de Minas, Sul de Minas",https://allianceforcoffeeexcellence.org/brazil-pulped-naturals-2002/,FALSE,Honey / pulped natural,ACE event title,13,13,fazenda do sertao,nazareth dias pereira,6380da67582687f1|COE|NA|13
6380da67582687f1,2002,COE Pulped Natural,Brazil,2002,COE,NA,14,-1,Fazenda Embiral,Benedito Pereira Faria,NA,NA,"Pouso Alto, Minas Gerais",https://allianceforcoffeeexcellence.org/brazil-pulped-naturals-2002/,FALSE,Honey / pulped natural,ACE event title,14,14,fazenda embiral,benedito pereira faria,6380da67582687f1|COE|NA|14
6380da67582687f1,2002,COE Pulped Natural,Brazil,2002,COE,NA,15,-1,Fazenda Pedra Redonda,José Bernardes Santana,NA,NA,"Araponga, Minas Gerais",https://allianceforcoffeeexcellence.org/brazil-pulped-naturals-2002/,FALSE,Honey / pulped natural,ACE event title,15,15,fazenda pedra redonda,jose bernardes santana,6380da67582687f1|COE|NA|15
6380da67582687f1,2002,COE Pulped Natural,Brazil,2002,COE,NA,16,-1,Faz. Pinheirinho,–,NA,NA,"-, –",https://allianceforcoffeeexcellence.org/brazil-pulped-naturals-2002/,FALSE,Honey / pulped natural,ACE event title,16,16,faz pinheirinho,,6380da67582687f1|COE|NA|16
6380da67582687f1,2002,COE Pulped Natural,Brazil,2002,COE,NA,17,-1,Fazenda Santa Ines,Francisco Isidoro Dias Pereira,NA,NA,"Carmo de Minas, Minas Gerais",https://allianceforcoffeeexcellence.org/brazil-pulped-naturals-2002/,FALSE,Honey / pulped natural,ACE event title,17,17,fazenda santa ines,francisco isidoro dias pereira,6380da67582687f1|COE|NA|17
6380da67582687f1,2002,COE Pulped Natural,Brazil,2002,COE,NA,18,-1,Fazenda Santa inês,Luiz Botelho de Macedo Costa (Espólio),NA,NA,"São Sebastião da Grama, State of São Paulo",https://allianceforcoffeeexcellence.org/brazil-pulped-naturals-2002/,FALSE,Honey / pulped natural,ACE event title,18,18,fazenda santa ines,luiz botelho de macedo costa espolio,6380da67582687f1|COE|NA|18
6380da67582687f1,2002,COE Pulped Natural,Brazil,2002,COE,NA,19,-1,Fazenda Santa Lúcia,Helcio Carneiro Pinto,NA,NA,"Carmo de Minas, Sul de Minas",https://allianceforcoffeeexcellence.org/brazil-pulped-naturals-2002/,FALSE,Honey / pulped natural,ACE event title,19,19,fazenda santa lucia,helcio carneiro pinto,6380da67582687f1|COE|NA|19
6380da67582687f1,2002,COE Pulped Natural,Brazil,2002,COE,NA,20,-1,Fazenda Santa Rita,Claudio Junqueira Ferraz De Almeida,NA,NA,"Carmo De Minas, MG",https://allianceforcoffeeexcellence.org/brazil-pulped-naturals-2002/,FALSE,Honey / pulped natural,ACE event title,20,20,fazenda santa rita,claudio junqueira ferraz de almeida,6380da67582687f1|COE|NA|20
6380da67582687f1,2002,COE Pulped Natural,Brazil,2002,COE,NA,21,-1,Faz. Serra das Três Barras,–,NA,NA,"-, –",https://allianceforcoffeeexcellence.org/brazil-pulped-naturals-2002/,FALSE,Honey / pulped natural,ACE event title,21,21,faz serra das tres barras,,6380da67582687f1|COE|NA|21
6380da67582687f1,2002,COE Pulped Natural,Brazil,2002,COE,NA,22,-1,Fazenda Sertãozinho,Fazenda Sertãozinho,NA,NA,"Botelhos, Sul de Minas – Brasil",https://allianceforcoffeeexcellence.org/brazil-pulped-naturals-2002/,FALSE,Honey / pulped natural,ACE event title,22,22,fazenda sertaozinho,fazenda sertaozinho,6380da67582687f1|COE|NA|22
6380da67582687f1,2002,COE Pulped Natural,Brazil,2002,COE,NA,23,-1,Faz. Tabuões (Boa Vista),–,NA,NA,"-, –",https://allianceforcoffeeexcellence.org/brazil-pulped-naturals-2002/,FALSE,Honey / pulped natural,ACE event title,23,23,faz tabuoes boa vista,,6380da67582687f1|COE|NA|23
6380da67582687f1,2002,COE Pulped Natural,Brazil,2002,COE,NA,24,-1,Rancho São Benedito,Mariana De Carvalho Junqueira,NA,NA,"Dom Viçoso, MG",https://allianceforcoffeeexcellence.org/brazil-pulped-naturals-2002/,FALSE,Honey / pulped natural,ACE event title,24,24,rancho sao benedito,mariana de carvalho junqueira,6380da67582687f1|COE|NA|24
6380da67582687f1,2002,COE Pulped Natural,Brazil,2002,COE,NA,25,-1,Sítio Bom Destino,Guarino Bissoli,NA,NA,"-, –",https://allianceforcoffeeexcellence.org/brazil-pulped-naturals-2002/,FALSE,Honey / pulped natural,ACE event title,25,25,sitio bom destino,guarino bissoli,6380da67582687f1|COE|NA|25
6380da67582687f1,2002,COE Pulped Natural,Brazil,2002,COE,NA,26,-1,Sítio Cachoeira Alegre,–,NA,NA,"-, –",https://allianceforcoffeeexcellence.org/brazil-pulped-naturals-2002/,FALSE,Honey / pulped natural,ACE event title,26,26,sitio cachoeira alegre,,6380da67582687f1|COE|NA|26
6380da67582687f1,2002,COE Pulped Natural,Brazil,2002,COE,NA,27,-1,Sítio Córrego da Onça,–,NA,NA,"-, –",https://allianceforcoffeeexcellence.org/brazil-pulped-naturals-2002/,FALSE,Honey / pulped natural,ACE event title,27,27,sitio corrego da onca,,6380da67582687f1|COE|NA|27
6380da67582687f1,2002,COE Pulped Natural,Brazil,2002,COE,NA,28,-1,Sítio São José,Luiz Roberto Moreira Ribeiro,NA,NA,"Carmo de Minas, Minas Gerais",https://allianceforcoffeeexcellence.org/brazil-pulped-naturals-2002/,FALSE,Honey / pulped natural,ACE event title,28,28,sitio sao jose,luiz roberto moreira ribeiro,6380da67582687f1|COE|NA|28
