event_id,event_name,event_type,country,year,program,entries,reported_process,missing_process,coverage_rate
006d132a118d0da8,2003,COE,Nicaragua,2003,COE,37,0,37,0
033b9c6652fed90f,El Salvador 2022,COE,El Salvador,2022,COE,27,27,0,1
049e1f574d37b6f7,Peru 2021,COE,Peru,2021,COE,24,24,0,1
04cf157e5060655a,2018,COE,Guatemala,2018,COE,34,34,0,1
05dea4f9ef49cf00,2018,COE,Colombia,2018,COE,27,27,0,1
07530078211d9a65,2015,COE,El Salvador,2015,COE,26,0,26,0
07a149006df074a2,2017,COE,Guatemala,2017,COE,28,0,28,0
09d57f1b6eace9c6,2012,COE,Guatemala,2012,COE,23,0,23,0
0c50203e4ea9e6e7,2017,COE,El Salvador,2017,COE,24,0,24,0
101c33c318834c3a,2015 January,COE Natural,Brazil,2015,COE,21,21,0,1
10b05a69b2ee99bc,Thailand 2024,COE,Thailand,2024,COE,27,27,0,1
10b05a69b2ee99bc,Thailand 2024,COE,Thailand,2024,NW,4,4,0,1
1105bfdd52f0c6fb,2011,COE,Costa Rica,2011,COE,31,0,31,0
11b46c35400dc616,2009,COE Pulped Natural,Brazil,2009,COE,26,26,0,1
183f05090c9a1140,Costa Rica 2024,COE,Costa Rica,2024,COE,30,30,0,1
183f05090c9a1140,Costa Rica 2024,COE,Costa Rica,2024,NW,1,1,0,1
1a1cc9a2fd677144,Honduras 2022,COE,Honduras,2022,COE,25,25,0,1
208d8a119b3fcd68,2014,COE Pulped Natural,Brazil,2014,COE,21,21,0,1
20a6b645aa948554,Colombia 2023,COE,Colombia,2023,COE,28,28,0,1
216beb519b06ab27,Peru 2025,COE,Peru,2025,COE,30,30,0,1
216beb519b06ab27,Peru 2025,COE,Peru,2025,NW,3,3,0,1
2275524667da73bd,Taiwan 2025,COE,Taiwan,2025,COE,27,27,0,1
236a55b8dc898b6b,2011,COE,El Salvador,2011,COE,42,0,42,0
265090fe20b129cd,2018,COE,El Salvador,2018,COE,38,38,0,1
27e30bcdac0c444c,Ethiopia 2024,COE,Ethiopia,2024,COE,27,27,0,1
27e30bcdac0c444c,Ethiopia 2024,COE,Ethiopia,2024,NW,13,13,0,1
27f98df4f5c3dba9,2010,COE,El Salvador,2010,COE,30,0,30,0
29ce078048b6ca5a,2016,COE Pulped Natural,Brazil,2016,COE,24,24,0,1
2a8e5a9baaa80905,Thailand 2023,COE,Thailand,2023,COE,16,16,0,1
2b2f8fc82c5e8056,Ethiopia 2021,COE,Ethiopia,2021,COE,30,30,0,1
2ce15a7f40ccc6a3,Taiwan 2024,COE,Taiwan,2024,COE,20,20,0,1
2ce15a7f40ccc6a3,Taiwan 2024,COE,Taiwan,2024,NW,5,5,0,1
2ce1a77eff6cdd28,2016,COE,Honduras,2016,COE,23,0,23,0
2d66f52827193519,Mexico 2024,COE,Mexico,2024,COE,30,30,0,1
2d66f52827193519,Mexico 2024,COE,Mexico,2024,NW,4,4,0,1
30131012ffca0563,2007 North,COE regional,Colombia,2007,COE,30,0,30,0
306cdc3f652cd29f,2015,COE,Nicaragua,2015,COE,30,0,30,0
319d40e9b8e35a24,Nicaragua 2022,COE,Nicaragua,2022,COE,26,26,0,1
3252450a1c4f202d,2018,COE,Rwanda,2018,COE,29,28,1,0.9655172413793104
33788018ae7fb5b7,Costa Rica 2021,COE,Costa Rica,2021,COE,30,30,0,1
344ddab608c8d8c8,2007,COE,Bolivia,2007,COE,26,0,26,0
35258d5d107d50f1,Indonesia 2022,COE,Indonesia,2022,COE,22,22,0,1
35258d5d107d50f1,Indonesia 2022,COE,Indonesia,2022,NW,12,12,0,1
3658e3cf0f8b901b,2010,COE,Guatemala,2010,COE,28,0,28,0
36f7881408411ac3,El Salvador 2024,COE,El Salvador,2024,COE,30,30,0,1
36f7881408411ac3,El Salvador 2024,COE,El Salvador,2024,NW,3,3,0,1
374bae6a9cdc8d6c,Brazil 2022,COE,Brazil,2022,COE,24,24,0,1
378b15a9f8e37b92,2019 North,COE regional,Colombia,2019,COE,29,29,0,1
38b2d2e3c7e71d0f,2017,COE Pulped Natural,Brazil,2017,COE,24,24,0,1
3963608e04ba6462,2014,COE,Mexico,2014,COE,19,0,19,0
39c4de609fc7f6d0,2008,COE,Costa Rica,2008,COE,30,0,30,0
3a9e10cfadb01ede,2012,COE,Honduras,2012,COE,20,0,20,0
3d618d74f19c5393,2009,COE,El Salvador,2009,COE,33,0,33,0
3eba8775b8710914,Peru 2023,COE,Peru,2023,COE,30,30,0,1
3f24f65f0fcace40,Peru 2022,COE,Peru,2022,COE,29,29,0,1
3f6557f6d36b2162,2018,COE,Costa Rica,2018,COE,36,36,0,1
415b9957427e9382,2013,COE,Rwanda,2013,COE,14,0,14,0
41c894e8f5792c14,2009,COE,Bolivia,2009,COE,30,0,30,0
44540f168407c8ad,2012,COE,Costa Rica,2012,COE,27,0,27,0
44619d3e719c99ef,2008,COE Pulped Natural,Brazil,2008,COE,23,23,0,1
4891a599b8c371e3,2007,COE,Guatemala,2007,COE,19,0,19,0
49d1caf44685b143,2015,COE,Guatemala,2015,COE,23,0,23,0
4b1d2194122da044,2014,COE,Guatemala,2014,COE,22,0,22,0
4cb76103d3072242,2004,COE,Honduras,2004,COE,21,0,21,0
4d450701ea8feb17,Brazil 2025,COE,Brazil,2025,COE,30,30,0,1
4d450701ea8feb17,Brazil 2025,COE,Brazil,2025,NW,9,9,0,1
4ddbb0cda233441d,Ethiopia 2022,COE,Ethiopia,2022,COE,30,30,0,1
4e0a635e5b9cd136,2018,COE,Peru,2018,COE,23,23,0,1
4f4bfa360131e53c,El Salvador 2025,COE,El Salvador,2025,COE,29,29,0,1
4f643bafa11775bd,2013,COE,Guatemala,2013,COE,20,0,20,0
5128a3c5edf58a16,2011,COE,Guatemala,2011,COE,29,0,29,0
54e133d3a0bc6ff3,2014,COE,Honduras,2014,COE,22,0,22,0
558daec13f90276f,2014,COE,El Salvador,2014,COE,29,0,29,0
563b2176a64e6691,Costa Rica 2025,COE,Costa Rica,2025,COE,30,30,0,1
5690e5dd7b7859d2,Brazil 2023,COE,Brazil,2023,COE,30,30,0,1
56e67cb59fb81745,2015,COE,Costa Rica,2015,COE,35,0,35,0
56f3d93e6d53724a,2018,COE Natural,Brazil,2018,COE,37,37,0,1
58d0dda26a0c47c5,2019,COE,Brazil,2019,COE,27,27,0,1
5971844d6c5e2009,2010,COE,Nicaragua,2010,COE,27,0,27,0
597c46cc3f0e2bd1,2010,COE,Honduras,2010,COE,25,0,25,0
5a4325fd738bec15,Ecuador 2023,COE,Ecuador,2023,COE,16,16,0,1
5add2920159e49b6,2019,COE,Burundi,2019,COE,23,23,0,1
5b0c683a06c2fd21,2000,COE Pulped Natural,Brazil,2000,COE,18,18,0,1
6125b41b95ca5561,2018,COE,Burundi,2018,COE,29,29,0,1
616f537ef2678bf7,2012,COE,Burundi,2012,COE,17,0,17,0
633bbe248a592d8c,Honduras 2025,COE,Honduras,2025,COE,30,30,0,1
6380da67582687f1,2002,COE Pulped Natural,Brazil,2002,COE,28,28,0,1
648ba67dc99a9346,2019,COE,El Salvador,2019,COE,25,25,0,1
6646acbd1638b6ee,2008,COE,Bolivia,2008,COE,29,0,29,0
69a12e0f55740ef8,2008,COE,Rwanda,2008,COE,24,0,24,0
6b9d377e893fb5d8,2008,COE,El Salvador,2008,COE,36,0,36,0
6dc5bb1377bf2317,2011,COE Pulped Natural,Brazil,2011,COE,31,31,0,1
7271aa2d4ce78a13,Guatemala 2023,COE,Guatemala,2023,COE,28,28,0,1
7294b6371afc8507,2013,COE,El Salvador,2013,COE,25,0,25,0
730e5b8120156480,Honduras 2024,COE,Honduras,2024,COE,29,29,0,1
7596cdc55b1b13b7,2007,COE,El Salvador,2007,COE,23,0,23,0
762c57dba751e942,2007,COE,Nicaragua,2007,COE,34,0,34,0
7887cd6f3b2c4612,2006 North,COE regional,Colombia,2006,COE,23,0,23,0
7b46413689f41744,Nicaragua 2023,COE,Nicaragua,2023,COE,16,16,0,1
7b8b2a60ec93c4dc,2006,COE,Honduras,2006,COE,33,0,33,0
7ba223eeaf3a9cb7,2017,COE Natural,Brazil,2017,COE,32,32,0,1
7cd41b217cdcd97e,2017,COE,Mexico,2017,COE,22,0,22,0
7d2b8caa9301eabc,Indonesia 2023,COE,Indonesia,2023,COE,22,22,0,1
7d2b8caa9301eabc,Indonesia 2023,COE,Indonesia,2023,NW,2,2,0,1
7e63f3505a9fd29f,2009 North,COE regional,Colombia,2009,COE,27,0,27,0
7eda394b87ad5966,Nicaragua 2025,COE,Nicaragua,2025,COE,30,30,0,1
7ee7c9627e3a94bd,2011 North,COE regional,Colombia,2011,COE,22,0,22,0
7f40430980f0b5e6,2018,COE,Nicaragua,2018,COE,35,35,0,1
8191f8204aa713fa,2016,COE,Guatemala,2016,COE,17,0,17,0
81ba66b9c2fe1d13,2013,COE Natural,Brazil,2013,COE,21,21,0,1
8490c0273821d2a1,Mexico 2021,COE,Mexico,2021,COE,30,30,0,1
85b770ec2ac11ac8,2008,COE,Honduras,2008,COE,26,0,26,0
85dbbeca6dd82687,2015,COE,Rwanda,2015,COE,21,0,21,0
8609cb0c260326a4,2012,COE,Rwanda,2012,COE,26,0,26,0
86196d6e98565c85,2017,COE,Costa Rica,2017,COE,29,0,29,0
86f5fadc62969c5f,2004,COE,Bolivia,2004,COE,13,0,13,0
8783a594e2c5082b,2014,COE Natural,Brazil,2014,COE,21,21,0,1
88ab413a4b17ecde,2019,COE,Honduras,2019,COE,30,30,0,1
8aabc8f0143025f3,2011,COE,Honduras,2011,COE,33,0,33,0
8b291231c7145e12,2015,COE,Honduras,2015,COE,34,0,34,0
8ba1050b3deba653,2013 North,COE regional,Colombia,2013,COE,20,0,20,0
8df430f321dfebe7,2014,COE,Nicaragua,2014,COE,24,0,24,0
8ec9c5ddcac94e33,Colombia 2021,COE,Colombia,2021,COE,23,23,0,1
8f48007819e94a7e,Guatemala 2022,COE,Guatemala,2022,COE,30,30,0,1
8f910a10a522a6e4,Brazil 2024,COE,Brazil,2024,COE,27,27,0,1
8f910a10a522a6e4,Brazil 2024,COE,Brazil,2024,NW,8,8,0,1
90ce520eb2b1c7b3,2012,COE Pulped Natural,Brazil,2012,COE,24,24,0,1
924c6ccd256e3867,2005 North,COE regional,Colombia,2005,COE,25,0,25,0
932be81913d4d6cc,Ecuador 2022,COE,Ecuador,2022,COE,18,18,0,1
94e0f75eb8b007ec,2019,COE,Guatemala,2019,COE,20,20,0,1
958690440cdbefb5,2002,COE,Nicaragua,2002,COE,23,0,23,0
95f3bb26fec856b9,Nicaragua 2024,COE,Nicaragua,2024,COE,30,30,0,1
96a5d35a9035433e,2012,COE,Mexico,2012,COE,10,0,10,0
97486e2f1c2df951,2012,COE Natural,Brazil,2012,COE,18,18,0,1
977c3d13e69fd1a0,2005 South,COE regional,Colombia,2005,COE,33,0,33,0
9afb42276738b733,Mexico 2022,COE,Mexico,2022,COE,30,30,0,1
9b39103db61369e1,2003,COE,El Salvador,2003,COE,31,0,31,0
9b41db41829ea486,2004,COE,Nicaragua,2004,COE,29,0,29,0
9c4359f85637f806,2015,COE,Mexico,2015,COE,20,0,20,0
9f945028bafe640f,1999,COE Pulped Natural,Brazil,1999,COE,10,10,0,1
a17342050c271e78,2008,COE,Guatemala,2008,COE,25,0,25,0
a2287dd141a2aa33,2005,COE Pulped Natural,Brazil,2005,COE,36,36,0,1
a4ff42ee1c56fcb6,2005,COE,El Salvador,2005,COE,17,0,17,0
a58384c85569435c,2012,COE,Nicaragua,2012,COE,25,0,25,0
a66ac5503b74bdc0,2014,COE,Rwanda,2014,COE,28,0,28,0
a715bdb54ff0d688,Nicaragua 2021,COE,Nicaragua,2021,COE,23,23,0,1
a788c4997f41e4fb,2013,COE,Burundi,2013,COE,14,0,14,0
a888e8977fcf5201,Guatemala 2024,COE,Guatemala,2024,COE,28,28,0,1
a888e8977fcf5201,Guatemala 2024,COE,Guatemala,2024,NW,3,3,0,1
a9c5085d9aa7d8bf,2019,COE,Peru,2019,COE,21,21,0,1
aaed34d3b88aef8b,2009,COE,Honduras,2009,COE,39,0,39,0
ab20ca6fa71477c3,2003,COE Pulped Natural,Brazil,2003,COE,43,43,0,1
ad438a1492b82749,2010,COE,Rwanda,2010,COE,22,0,22,0
ada629ce75da8ae0,2006,COE,El Salvador,2006,COE,23,0,23,0
b049d78ce4ab573e,Costa Rica 2023,COE,Costa Rica,2023,COE,30,30,0,1
b0fc9afec2b36341,Guatemala 2025,COE,Guatemala,2025,COE,30,30,0,1
b0fc9afec2b36341,Guatemala 2025,COE,Guatemala,2025,NW,5,5,0,1
b2252d20dd28d7dd,2015,COE Pulped Natural,Brazil,2015,COE,21,21,0,1
b26066e3491384bc,2007,COE,Honduras,2007,COE,24,0,24,0
b762b1a91ef82ae0,2014,COE,Costa Rica,2014,COE,24,0,24,0
bc5c1e38d691c08b,2017,COE,Burundi,2017,COE,23,0,23,0
bc80a53b61b50b1c,2013,COE Pulped Natural,Brazil,2013,COE,27,27,0,1
becb5d5a8d06e2c4,2006,COE,Guatemala,2006,COE,25,0,25,0
c00d15b2e8b05812,Honduras 2023,COE,Honduras,2023,COE,30,30,0,1
c0bf466579f2d947,Honduras 2021,COE,Honduras,2021,COE,25,25,0,1
c1a563a1cea61442,2017,COE,Honduras,2017,COE,24,0,24,0
c56ff7f8e1e41dd6,2009,COE,Nicaragua,2009,COE,26,0,26,0
c5947e46efa4a520,Mexico 2023,COE,Mexico,2023,COE,26,26,0,1
c5f2e2e30775dfe7,2009,COE,Costa Rica,2009,COE,24,0,24,0
c70d21b6380ff8fc,Ecuador 2021,COE,Ecuador,2021,COE,23,23,0,1
c8752ceee8bb53f1,2006,COE Pulped Natural,Brazil,2006,COE,28,28,0,1
c991847a22ff1716,El Salvador 2023,COE,El Salvador,2023,COE,30,30,0,1
cb99a98e8f70e864,2017,COE,Colombia,2017,COE,30,0,30,0
cbb6685c1de9606c,2011,COE,Rwanda,2011,COE,36,0,36,0
cbe3c4b09a54bec0,2005,COE,Bolivia,2005,COE,19,0,19,0
cbf7cef16e2f2288,2006 South,COE regional,Colombia,2006,COE,30,0,30,0
cc0114c82be5db63,2019,COE,Mexico,2019,COE,28,28,0,1
ce40b6a6738bbb99,2019,COE,Costa Rica,2019,COE,28,28,0,1
d097a68f0a5eff0b,2012 South,COE regional,Colombia,2012,COE,30,0,30,0
d144777157aa3439,2013,COE,Costa Rica,2013,COE,22,0,22,0
d1543b65c7f3dffe,2018,COE Pulped Natural,Brazil,2018,COE,30,30,0,1
d499fbd326fc6ee9,2010 South,COE regional,Colombia,2010,COE,21,0,21,0
d767976e2066de8e,2005,COE,Nicaragua,2005,COE,35,0,35,0
d9e938f39eb3880a,Peru 2024,COE,Peru,2024,COE,25,25,0,1
d9e938f39eb3880a,Peru 2024,COE,Peru,2024,NW,7,7,0,1
da5b8d67ef9fccb3,2008,COE,Nicaragua,2008,COE,25,0,25,0
da9b1a5c74fd4dd4,2006,COE,Nicaragua,2006,COE,25,0,25,0
db8d673b53d2c07d,2018,COE,Mexico,2018,COE,29,28,1,0.9655172413793104
dec3b623fc3b102d,2016,COE,Costa Rica,2016,COE,21,0,21,0
deeed450e36aab5d,Costa Rica 2022,COE,Costa Rica,2022,COE,22,22,0,1
df2a0030ea37d2c1,2015,COE,Burundi,2015,COE,24,0,24,0
e027de3eaca1fdbe,Guatemala 2021,COE,Guatemala,2021,COE,28,28,0,1
e27e0f7c702fa71e,2015 December,COE Natural,Brazil,2015,COE,29,29,0,1
e2acf27cd7656ef2,2001,COE Pulped Natural,Brazil,2001,COE,18,18,0,1
e36d63fff8523cfb,2004,COE Pulped Natural,Brazil,2004,COE,36,36,0,1
e38c7393edb1fc36,2002,COE,Guatemala,2002,COE,33,0,33,0
e3acd98cde143171,2009,COE,Guatemala,2009,COE,23,0,23,0
e3ee4b83024a8fdc,2015 North,COE regional,Colombia,2015,COE,28,0,28,0
e4999c5ee612d56f,2005,COE,Honduras,2005,COE,41,0,41,0
e4f222213bccceb2,Thailand 2025,COE,Thailand,2025,COE,21,21,0,1
e4f222213bccceb2,Thailand 2025,COE,Thailand,2025,NW,7,7,0,1
e741c9bf9232ab04,2011,COE,Nicaragua,2011,COE,27,0,27,0
e79330b9e90b09dc,Mexico 2025,COE,Mexico,2025,COE,30,30,0,1
e79330b9e90b09dc,Mexico 2025,COE,Mexico,2025,NW,4,4,0,1
e80af4f8d8bd890c,Indonesia 2021,COE,Indonesia,2021,COE,26,26,0,1
e91a6326be6cc6dc,2008 South,COE regional,Colombia,2008,COE,18,0,18,0
eb131b841c2d82a2,2017,COE,Nicaragua,2017,COE,25,0,25,0
eb4956f44a554a3b,2013,COE,Mexico,2013,COE,15,0,15,0
eba617e4fe8e52b9,2012,COE,El Salvador,2012,COE,28,0,28,0
ed9a6c81f8e5fb94,Colombia 2022,COE,Colombia,2022,COE,22,22,0,1
ef7f110ca8ad65a5,2018,COE,Honduras,2018,COE,36,36,0,1
efb2f39d90f46af8,2007,COE,Costa Rica,2007,COE,25,0,25,0
f06207128b447b2a,2017,COE,Peru,2017,COE,19,0,19,0
f142488b1549196e,2014,COE,Burundi,2014,COE,27,0,27,0
f1e54b3b5ca863aa,2014 South,COE regional,Colombia,2014,COE,28,0,28,0
f52a7809bb1fd00e,El Salvador 2021,COE,El Salvador,2021,COE,24,24,0,1
f57a799e620edb5c,2016,COE Natural,Brazil,2016,COE,19,19,0,1
f59277b5e64c2ec4,2004,COE,El Salvador,2004,COE,35,0,35,0
f6b296b9e61cd542,2013,COE,Honduras,2013,COE,22,0,22,0
f8c00d6b60400117,Brazil 2021,COE,Brazil,2021,COE,29,29,0,1
