country,year,program,process_family,entries,total_entries,reported_entries,share_all,share_reported
Brazil,2021,COE,Honey / pulped natural,13,31,31,0.41935483870967744,0.41935483870967744
Brazil,2021,COE,Natural,16,31,31,0.5161290322580645,0.5161290322580645
Brazil,2021,COE,Washed,2,31,31,0.06451612903225806,0.06451612903225806
Brazil,2021,NW,Natural,3,3,3,1,1
Brazil,2022,COE,Honey / pulped natural,7,24,23,0.2916666666666667,0.30434782608695654
Brazil,2022,COE,Natural,16,24,23,0.6666666666666666,0.6956521739130435
Brazil,2022,COE,Not reported,1,24,23,0.041666666666666664,NA
Brazil,2022,NW,Natural,2,2,2,1,1
Brazil,2023,COE,Experimental,10,30,30,0.3333333333333333,0.3333333333333333
Brazil,2023,COE,Honey / pulped natural,9,30,30,0.3,0.3
Brazil,2023,COE,Natural,10,30,30,0.3333333333333333,0.3333333333333333
Brazil,2023,COE,Washed,1,30,30,0.03333333333333333,0.03333333333333333
Brazil,2023,NW,Experimental,1,6,5,0.16666666666666666,0.2
Brazil,2023,NW,Honey / pulped natural,4,6,5,0.6666666666666666,0.8
Brazil,2023,NW,Not reported,1,6,5,0.16666666666666666,NA
Brazil,2024,COE,Experimental,8,30,30,0.26666666666666666,0.26666666666666666
Brazil,2024,COE,Honey / pulped natural,11,30,30,0.36666666666666664,0.36666666666666664
Brazil,2024,COE,Natural,11,30,30,0.36666666666666664,0.36666666666666664
Brazil,2024,NW,Experimental,1,8,8,0.125,0.125
Brazil,2024,NW,Honey / pulped natural,3,8,8,0.375,0.375
Brazil,2024,NW,Natural,4,8,8,0.5,0.5
Brazil,2025,COE,Experimental,10,30,30,0.3333333333333333,0.3333333333333333
Brazil,2025,COE,Honey / pulped natural,9,30,30,0.3,0.3
Brazil,2025,COE,Natural,10,30,30,0.3333333333333333,0.3333333333333333
Brazil,2025,COE,Washed,1,30,30,0.03333333333333333,0.03333333333333333
Brazil,2025,NW,Experimental,4,9,9,0.4444444444444444,0.4444444444444444
Brazil,2025,NW,Honey / pulped natural,1,9,9,0.1111111111111111,0.1111111111111111
Brazil,2025,NW,Natural,3,9,9,0.3333333333333333,0.3333333333333333
Brazil,2025,NW,Washed,1,9,9,0.1111111111111111,0.1111111111111111
Colombia,2021,COE,Experimental,4,25,25,0.16,0.16
Colombia,2021,COE,Honey / pulped natural,2,25,25,0.08,0.08
Colombia,2021,COE,Natural,4,25,25,0.16,0.16
Colombia,2021,COE,Washed,15,25,25,0.6,0.6
Colombia,2022,COE,Experimental,3,24,24,0.125,0.125
Colombia,2022,COE,Honey / pulped natural,2,24,24,0.08333333333333333,0.08333333333333333
Colombia,2022,COE,Natural,4,24,24,0.16666666666666666,0.16666666666666666
Colombia,2022,COE,Washed,15,24,24,0.625,0.625
Colombia,2023,COE,Experimental,6,31,31,0.1935483870967742,0.1935483870967742
Colombia,2023,COE,Honey / pulped natural,7,31,31,0.22580645161290322,0.22580645161290322
Colombia,2023,COE,Natural,2,31,31,0.06451612903225806,0.06451612903225806
Colombia,2023,COE,Washed,16,31,31,0.5161290322580645,0.5161290322580645
Costa Rica,2021,COE,Experimental,5,33,33,0.15151515151515152,0.15151515151515152
Costa Rica,2021,COE,Honey / pulped natural,14,33,33,0.42424242424242425,0.42424242424242425
Costa Rica,2021,COE,Natural,7,33,33,0.21212121212121213,0.21212121212121213
Costa Rica,2021,COE,Washed,7,33,33,0.21212121212121213,0.21212121212121213
Costa Rica,2022,COE,Experimental,6,25,25,0.24,0.24
Costa Rica,2022,COE,Honey / pulped natural,10,25,25,0.4,0.4
Costa Rica,2022,COE,Natural,4,25,25,0.16,0.16
Costa Rica,2022,COE,Washed,5,25,25,0.2,0.2
Costa Rica,2022,NW,Experimental,2,10,10,0.2,0.2
Costa Rica,2022,NW,Honey / pulped natural,1,10,10,0.1,0.1
Costa Rica,2022,NW,Natural,6,10,10,0.6,0.6
Costa Rica,2022,NW,Washed,1,10,10,0.1,0.1
Costa Rica,2023,COE,Experimental,6,33,33,0.18181818181818182,0.18181818181818182
Costa Rica,2023,COE,Honey / pulped natural,9,33,33,0.2727272727272727,0.2727272727272727
Costa Rica,2023,COE,Natural,12,33,33,0.36363636363636365,0.36363636363636365
Costa Rica,2023,COE,Washed,6,33,33,0.18181818181818182,0.18181818181818182
Costa Rica,2023,NW,Experimental,2,3,3,0.6666666666666666,0.6666666666666666
Costa Rica,2023,NW,Honey / pulped natural,1,3,3,0.3333333333333333,0.3333333333333333
Costa Rica,2024,COE,Experimental,7,33,33,0.21212121212121213,0.21212121212121213
Costa Rica,2024,COE,Honey / pulped natural,11,33,33,0.3333333333333333,0.3333333333333333
Costa Rica,2024,COE,Natural,6,33,33,0.18181818181818182,0.18181818181818182
Costa Rica,2024,COE,Washed,9,33,33,0.2727272727272727,0.2727272727272727
Costa Rica,2024,NW,Natural,1,1,1,1,1
Costa Rica,2025,COE,Experimental,11,33,33,0.3333333333333333,0.3333333333333333
Costa Rica,2025,COE,Honey / pulped natural,4,33,33,0.12121212121212122,0.12121212121212122
Costa Rica,2025,COE,Natural,7,33,33,0.21212121212121213,0.21212121212121213
Costa Rica,2025,COE,Washed,11,33,33,0.3333333333333333,0.3333333333333333
Ecuador,2021,COE,Experimental,2,25,25,0.08,0.08
Ecuador,2021,COE,Honey / pulped natural,6,25,25,0.24,0.24
Ecuador,2021,COE,Natural,3,25,25,0.12,0.12
Ecuador,2021,COE,Washed,14,25,25,0.56,0.56
Ecuador,2021,NW,Washed,5,5,5,1,1
Ecuador,2022,COE,Experimental,8,18,18,0.4444444444444444,0.4444444444444444
Ecuador,2022,COE,Honey / pulped natural,1,18,18,0.05555555555555555,0.05555555555555555
Ecuador,2022,COE,Natural,4,18,18,0.2222222222222222,0.2222222222222222
Ecuador,2022,COE,Washed,5,18,18,0.2777777777777778,0.2777777777777778
Ecuador,2023,COE,Experimental,9,19,19,0.47368421052631576,0.47368421052631576
Ecuador,2023,COE,Natural,3,19,19,0.15789473684210525,0.15789473684210525
Ecuador,2023,COE,Washed,7,19,19,0.3684210526315789,0.3684210526315789
El Salvador,2021,COE,Experimental,2,27,27,0.07407407407407407,0.07407407407407407
El Salvador,2021,COE,Honey / pulped natural,7,27,27,0.25925925925925924,0.25925925925925924
El Salvador,2021,COE,Natural,13,27,27,0.48148148148148145,0.48148148148148145
El Salvador,2021,COE,Washed,5,27,27,0.18518518518518517,0.18518518518518517
El Salvador,2021,NW,Experimental,1,14,14,0.07142857142857142,0.07142857142857142
El Salvador,2021,NW,Honey / pulped natural,3,14,14,0.21428571428571427,0.21428571428571427
El Salvador,2021,NW,Natural,7,14,14,0.5,0.5
El Salvador,2021,NW,Washed,3,14,14,0.21428571428571427,0.21428571428571427
El Salvador,2022,COE,Experimental,3,30,30,0.1,0.1
El Salvador,2022,COE,Honey / pulped natural,3,30,30,0.1,0.1
El Salvador,2022,COE,Natural,18,30,30,0.6,0.6
El Salvador,2022,COE,Washed,6,30,30,0.2,0.2
El Salvador,2022,NW,Natural,2,4,4,0.5,0.5
El Salvador,2022,NW,Washed,2,4,4,0.5,0.5
El Salvador,2023,COE,Experimental,13,33,33,0.3939393939393939,0.3939393939393939
El Salvador,2023,COE,Honey / pulped natural,4,33,33,0.12121212121212122,0.12121212121212122
El Salvador,2023,COE,Natural,12,33,33,0.36363636363636365,0.36363636363636365
El Salvador,2023,COE,Washed,4,33,33,0.12121212121212122,0.12121212121212122
El Salvador,2023,NW,Experimental,4,6,6,0.6666666666666666,0.6666666666666666
El Salvador,2023,NW,Natural,2,6,6,0.3333333333333333,0.3333333333333333
El Salvador,2024,COE,Experimental,12,30,30,0.4,0.4
El Salvador,2024,COE,Honey / pulped natural,5,30,30,0.16666666666666666,0.16666666666666666
El Salvador,2024,COE,Natural,10,30,30,0.3333333333333333,0.3333333333333333
El Salvador,2024,COE,Washed,3,30,30,0.1,0.1
El Salvador,2024,NW,Experimental,1,3,3,0.3333333333333333,0.3333333333333333
El Salvador,2024,NW,Natural,2,3,3,0.6666666666666666,0.6666666666666666
El Salvador,2025,COE,Experimental,10,32,32,0.3125,0.3125
El Salvador,2025,COE,Honey / pulped natural,5,32,32,0.15625,0.15625
El Salvador,2025,COE,Natural,13,32,32,0.40625,0.40625
El Salvador,2025,COE,Washed,4,32,32,0.125,0.125
Ethiopia,2021,COE,Experimental,7,33,33,0.21212121212121213,0.21212121212121213
Ethiopia,2021,COE,Honey / pulped natural,1,33,33,0.030303030303030304,0.030303030303030304
Ethiopia,2021,COE,Natural,24,33,33,0.7272727272727273,0.7272727272727273
Ethiopia,2021,COE,Washed,1,33,33,0.030303030303030304,0.030303030303030304
Ethiopia,2021,NW,Honey / pulped natural,1,9,9,0.1111111111111111,0.1111111111111111
Ethiopia,2021,NW,Natural,8,9,9,0.8888888888888888,0.8888888888888888
Ethiopia,2022,COE,Experimental,3,32,32,0.09375,0.09375
Ethiopia,2022,COE,Natural,27,32,32,0.84375,0.84375
Ethiopia,2022,COE,Washed,2,32,32,0.0625,0.0625
Ethiopia,2022,NW,Natural,9,10,10,0.9,0.9
Ethiopia,2022,NW,Washed,1,10,10,0.1,0.1
Ethiopia,2024,COE,Natural,29,29,29,1,1
Ethiopia,2024,NW,Natural,13,13,13,1,1
Guatemala,2021,COE,Experimental,4,31,31,0.12903225806451613,0.12903225806451613
Guatemala,2021,COE,Natural,8,31,31,0.25806451612903225,0.25806451612903225
Guatemala,2021,COE,Washed,19,31,31,0.6129032258064516,0.6129032258064516
Guatemala,2021,NW,Experimental,1,9,9,0.1111111111111111,0.1111111111111111
Guatemala,2021,NW,Washed,8,9,9,0.8888888888888888,0.8888888888888888
Guatemala,2022,COE,Honey / pulped natural,3,33,33,0.09090909090909091,0.09090909090909091
Guatemala,2022,COE,Natural,11,33,33,0.3333333333333333,0.3333333333333333
Guatemala,2022,COE,Washed,19,33,33,0.5757575757575758,0.5757575757575758
Guatemala,2022,NW,Honey / pulped natural,1,5,5,0.2,0.2
Guatemala,2022,NW,Washed,4,5,5,0.8,0.8
Guatemala,2023,COE,Honey / pulped natural,1,31,31,0.03225806451612903,0.03225806451612903
Guatemala,2023,COE,Natural,7,31,31,0.22580645161290322,0.22580645161290322
Guatemala,2023,COE,Washed,23,31,31,0.7419354838709677,0.7419354838709677
Guatemala,2023,NW,Natural,3,3,3,1,1
Guatemala,2024,COE,Honey / pulped natural,3,30,30,0.1,0.1
Guatemala,2024,COE,Natural,10,30,30,0.3333333333333333,0.3333333333333333
Guatemala,2024,COE,Washed,17,30,30,0.5666666666666667,0.5666666666666667
Guatemala,2024,NW,Natural,3,3,3,1,1
Guatemala,2025,COE,Honey / pulped natural,2,33,33,0.06060606060606061,0.06060606060606061
Guatemala,2025,COE,Natural,13,33,33,0.3939393939393939,0.3939393939393939
Guatemala,2025,COE,Washed,18,33,33,0.5454545454545454,0.5454545454545454
Guatemala,2025,NW,Honey / pulped natural,2,5,5,0.4,0.4
Guatemala,2025,NW,Natural,1,5,5,0.2,0.2
Guatemala,2025,NW,Washed,2,5,5,0.4,0.4
Honduras,2021,COE,Honey / pulped natural,3,28,28,0.10714285714285714,0.10714285714285714
Honduras,2021,COE,Natural,7,28,28,0.25,0.25
Honduras,2021,COE,Washed,18,28,28,0.6428571428571429,0.6428571428571429
Honduras,2021,NW,Honey / pulped natural,1,7,7,0.14285714285714285,0.14285714285714285
Honduras,2021,NW,Washed,6,7,7,0.8571428571428571,0.8571428571428571
Honduras,2022,COE,Honey / pulped natural,5,27,27,0.18518518518518517,0.18518518518518517
Honduras,2022,COE,Natural,10,27,27,0.37037037037037035,0.37037037037037035
Honduras,2022,COE,Washed,12,27,27,0.4444444444444444,0.4444444444444444
Honduras,2022,NW,Honey / pulped natural,1,4,4,0.25,0.25
Honduras,2022,NW,Washed,3,4,4,0.75,0.75
Honduras,2023,COE,Honey / pulped natural,4,32,32,0.125,0.125
Honduras,2023,COE,Natural,8,32,32,0.25,0.25
Honduras,2023,COE,Washed,20,32,32,0.625,0.625
Honduras,2023,NW,Honey / pulped natural,1,2,2,0.5,0.5
Honduras,2023,NW,Washed,1,2,2,0.5,0.5
Honduras,2024,COE,Honey / pulped natural,4,32,32,0.125,0.125
Honduras,2024,COE,Natural,9,32,32,0.28125,0.28125
Honduras,2024,COE,Washed,19,32,32,0.59375,0.59375
Honduras,2025,COE,Honey / pulped natural,4,33,33,0.12121212121212122,0.12121212121212122
Honduras,2025,COE,Natural,7,33,33,0.21212121212121213,0.21212121212121213
Honduras,2025,COE,Washed,22,33,33,0.6666666666666666,0.6666666666666666
Indonesia,2021,COE,Honey / pulped natural,2,26,26,0.07692307692307693,0.07692307692307693
Indonesia,2021,COE,Natural,13,26,26,0.5,0.5
Indonesia,2021,COE,Washed,11,26,26,0.4230769230769231,0.4230769230769231
Indonesia,2021,NW,Natural,3,6,6,0.5,0.5
Indonesia,2021,NW,Washed,3,6,6,0.5,0.5
Indonesia,2022,COE,Experimental,6,23,23,0.2608695652173913,0.2608695652173913
Indonesia,2022,COE,Honey / pulped natural,4,23,23,0.17391304347826086,0.17391304347826086
Indonesia,2022,COE,Natural,5,23,23,0.21739130434782608,0.21739130434782608
Indonesia,2022,COE,Washed,8,23,23,0.34782608695652173,0.34782608695652173
Indonesia,2022,NW,Experimental,1,12,12,0.08333333333333333,0.08333333333333333
Indonesia,2022,NW,Honey / pulped natural,2,12,12,0.16666666666666666,0.16666666666666666
Indonesia,2022,NW,Natural,3,12,12,0.25,0.25
Indonesia,2022,NW,Washed,6,12,12,0.5,0.5
Indonesia,2023,COE,Experimental,4,25,25,0.16,0.16
Indonesia,2023,COE,Honey / pulped natural,4,25,25,0.16,0.16
Indonesia,2023,COE,Natural,16,25,25,0.64,0.64
Indonesia,2023,COE,Washed,1,25,25,0.04,0.04
Indonesia,2023,NW,Experimental,2,2,2,1,1
Mexico,2021,COE,Honey / pulped natural,6,33,33,0.18181818181818182,0.18181818181818182
Mexico,2021,COE,Natural,10,33,33,0.30303030303030304,0.30303030303030304
Mexico,2021,COE,Washed,17,33,33,0.5151515151515151,0.5151515151515151
Mexico,2021,NW,Honey / pulped natural,3,7,7,0.42857142857142855,0.42857142857142855
Mexico,2021,NW,Natural,2,7,7,0.2857142857142857,0.2857142857142857
Mexico,2021,NW,Washed,2,7,7,0.2857142857142857,0.2857142857142857
Mexico,2022,COE,Honey / pulped natural,2,33,33,0.06060606060606061,0.06060606060606061
Mexico,2022,COE,Natural,7,33,33,0.21212121212121213,0.21212121212121213
Mexico,2022,COE,Washed,24,33,33,0.7272727272727273,0.7272727272727273
Mexico,2022,NW,Natural,2,4,4,0.5,0.5
Mexico,2022,NW,Washed,2,4,4,0.5,0.5
Mexico,2023,COE,Not reported,29,29,0,1,NA
Mexico,2023,NW,Not reported,9,9,0,1,NA
Mexico,2024,COE,Experimental,11,33,33,0.3333333333333333,0.3333333333333333
Mexico,2024,COE,Honey / pulped natural,6,33,33,0.18181818181818182,0.18181818181818182
Mexico,2024,COE,Natural,5,33,33,0.15151515151515152,0.15151515151515152
Mexico,2024,COE,Washed,11,33,33,0.3333333333333333,0.3333333333333333
Mexico,2024,NW,Natural,1,4,4,0.25,0.25
Mexico,2024,NW,Washed,3,4,4,0.75,0.75
Mexico,2025,COE,Experimental,10,33,33,0.30303030303030304,0.30303030303030304
Mexico,2025,COE,Honey / pulped natural,6,33,33,0.18181818181818182,0.18181818181818182
Mexico,2025,COE,Natural,6,33,33,0.18181818181818182,0.18181818181818182
Mexico,2025,COE,Washed,11,33,33,0.3333333333333333,0.3333333333333333
Mexico,2025,NW,Experimental,1,4,4,0.25,0.25
Mexico,2025,NW,Washed,3,4,4,0.75,0.75
Nicaragua,2021,COE,Experimental,1,26,26,0.038461538461538464,0.038461538461538464
Nicaragua,2021,COE,Honey / pulped natural,6,26,26,0.23076923076923078,0.23076923076923078
Nicaragua,2021,COE,Natural,8,26,26,0.3076923076923077,0.3076923076923077
Nicaragua,2021,COE,Washed,11,26,26,0.4230769230769231,0.4230769230769231
Nicaragua,2021,NW,Honey / pulped natural,2,9,9,0.2222222222222222,0.2222222222222222
Nicaragua,2021,NW,Natural,1,9,9,0.1111111111111111,0.1111111111111111
Nicaragua,2021,NW,Washed,6,9,9,0.6666666666666666,0.6666666666666666
Nicaragua,2022,COE,Honey / pulped natural,4,27,27,0.14814814814814814,0.14814814814814814
Nicaragua,2022,COE,Natural,13,27,27,0.48148148148148145,0.48148148148148145
Nicaragua,2022,COE,Washed,10,27,27,0.37037037037037035,0.37037037037037035
Nicaragua,2022,NW,Honey / pulped natural,1,11,11,0.09090909090909091,0.09090909090909091
Nicaragua,2022,NW,Natural,2,11,11,0.18181818181818182,0.18181818181818182
Nicaragua,2022,NW,Washed,8,11,11,0.7272727272727273,0.7272727272727273
Nicaragua,2023,COE,Honey / pulped natural,1,18,18,0.05555555555555555,0.05555555555555555
Nicaragua,2023,COE,Natural,8,18,18,0.4444444444444444,0.4444444444444444
Nicaragua,2023,COE,Washed,9,18,18,0.5,0.5
Nicaragua,2023,NW,Natural,2,9,9,0.2222222222222222,0.2222222222222222
Nicaragua,2023,NW,Washed,7,9,9,0.7777777777777778,0.7777777777777778
Nicaragua,2024,COE,Honey / pulped natural,2,31,31,0.06451612903225806,0.06451612903225806
Nicaragua,2024,COE,Natural,11,31,31,0.3548387096774194,0.3548387096774194
Nicaragua,2024,COE,Washed,18,31,31,0.5806451612903226,0.5806451612903226
Nicaragua,2025,COE,Honey / pulped natural,2,32,32,0.0625,0.0625
Nicaragua,2025,COE,Natural,14,32,32,0.4375,0.4375
Nicaragua,2025,COE,Washed,16,32,32,0.5,0.5
Peru,2021,COE,Natural,8,27,27,0.2962962962962963,0.2962962962962963
Peru,2021,COE,Washed,19,27,27,0.7037037037037037,0.7037037037037037
Peru,2021,NW,Natural,1,7,7,0.14285714285714285,0.14285714285714285
Peru,2021,NW,Washed,6,7,7,0.8571428571428571,0.8571428571428571
Peru,2022,COE,Natural,6,32,32,0.1875,0.1875
Peru,2022,COE,Washed,26,32,32,0.8125,0.8125
Peru,2022,NW,Washed,5,5,5,1,1
Peru,2023,COE,Experimental,3,33,33,0.09090909090909091,0.09090909090909091
Peru,2023,COE,Honey / pulped natural,1,33,33,0.030303030303030304,0.030303030303030304
Peru,2023,COE,Natural,7,33,33,0.21212121212121213,0.21212121212121213
Peru,2023,COE,Washed,22,33,33,0.6666666666666666,0.6666666666666666
Peru,2023,NW,Washed,7,7,7,1,1
Peru,2024,COE,Natural,6,27,27,0.2222222222222222,0.2222222222222222
Peru,2024,COE,Washed,21,27,27,0.7777777777777778,0.7777777777777778
Peru,2024,NW,Washed,7,7,7,1,1
Peru,2025,COE,Honey / pulped natural,1,32,32,0.03125,0.03125
Peru,2025,COE,Natural,6,32,32,0.1875,0.1875
Peru,2025,COE,Washed,25,32,32,0.78125,0.78125
Peru,2025,NW,Natural,1,3,3,0.3333333333333333,0.3333333333333333
Peru,2025,NW,Washed,2,3,3,0.6666666666666666,0.6666666666666666
Taiwan,2024,COE,Honey / pulped natural,3,20,20,0.15,0.15
Taiwan,2024,COE,Natural,13,20,20,0.65,0.65
Taiwan,2024,COE,Washed,4,20,20,0.2,0.2
Taiwan,2024,NW,Natural,3,5,5,0.6,0.6
Taiwan,2024,NW,Washed,2,5,5,0.4,0.4
Taiwan,2025,COE,Honey / pulped natural,7,28,28,0.25,0.25
Taiwan,2025,COE,Natural,14,28,28,0.5,0.5
Taiwan,2025,COE,Washed,7,28,28,0.25,0.25
Thailand,2023,COE,Experimental,1,17,17,0.058823529411764705,0.058823529411764705
Thailand,2023,COE,Honey / pulped natural,6,17,17,0.35294117647058826,0.35294117647058826
Thailand,2023,COE,Natural,8,17,17,0.47058823529411764,0.47058823529411764
Thailand,2023,COE,Washed,2,17,17,0.11764705882352941,0.11764705882352941
Thailand,2023,NW,Honey / pulped natural,2,8,8,0.25,0.25
Thailand,2023,NW,Natural,4,8,8,0.5,0.5
Thailand,2023,NW,Washed,2,8,8,0.25,0.25
Thailand,2024,COE,Honey / pulped natural,8,29,29,0.27586206896551724,0.27586206896551724
Thailand,2024,COE,Natural,16,29,29,0.5517241379310345,0.5517241379310345
Thailand,2024,COE,Washed,5,29,29,0.1724137931034483,0.1724137931034483
Thailand,2024,NW,Honey / pulped natural,1,4,4,0.25,0.25
Thailand,2024,NW,Natural,1,4,4,0.25,0.25
Thailand,2024,NW,Washed,2,4,4,0.5,0.5
Thailand,2025,COE,Experimental,2,23,23,0.08695652173913043,0.08695652173913043
Thailand,2025,COE,Honey / pulped natural,8,23,23,0.34782608695652173,0.34782608695652173
Thailand,2025,COE,Natural,10,23,23,0.43478260869565216,0.43478260869565216
Thailand,2025,COE,Washed,3,23,23,0.13043478260869565,0.13043478260869565
Thailand,2025,NW,Honey / pulped natural,1,7,7,0.14285714285714285,0.14285714285714285
Thailand,2025,NW,Natural,5,7,7,0.7142857142857143,0.7142857142857143
Thailand,2025,NW,Washed,1,7,7,0.14285714285714285,0.14285714285714285
